OBJECTID,GEOID10,CTBG10,CT10,AreaSqMil,LABEL,FIP10,FIP10RV,CDP_NAME,CITYNAME,COMMNAME,ShapeSTAre,ShapeSTLen,to_int_GEO,GEOID_int,to_int_g_1,geo_id_str,nat_prop,DECENNIALS,DECENNIA_1,DECENNIA_2,DECENNIA_3,DECENNIA_4,Hub distan,Hub dist_1,Hub dist_2,Hub dist_3,Hub dist_4,Hub dist_5,Hub dist_6,Hub dist_7,Hub dist_8,Hub dist_9,Hub dist10,Hub dist11,Hub dist12,Hub dist13,Hub dist14,Hub dist15,Hub dist16,Hub dist17,Hub dist18,Hub dist19,Hub dist20,Hub dist21,Hub dist22,NUMEXITS,PB
"1504","060375338062","5338062","533806",0.090600000000000,BG 2,"04870","04870",Bell,Bell,City of Bell,2526574.149414062500000,8495.313992188832344,,,"60375338062","60375338062",332.853,"Block Group 2, Census Tract 5338.06, Los Angeles County, California","868","277","591",,"1504","5338062","533806",0.090600000000000,BG 2,"04870","04870",Bell,Bell,City of Bell,2526574.149414062500000,8495.313992188832344,,,"60375338062","60375338062","Block Group 2, Census Tract 5338.06, Los Angeles County, California","868","277","591",,Long Beach Fwy,0.383470812700484,4.000000000000000,736.715
"5765","060375323042","5323042","532304",2.945300000000000,BG 2,"14974","14974",Commerce,Commerce,City of Commerce,82111610.653320312500000,50963.699691612157039,,,"60375323042","60375323042",706.627,"Block Group 2, Census Tract 5323.04, Los Angeles County, California","597","190","407",,"5765","5323042","532304",2.945300000000000,BG 2,"14974","14974",Commerce,Commerce,City of Commerce,82111610.653320312500000,50963.699691612157039,,,"60375323042","60375323042","Block Group 2, Census Tract 5323.04, Los Angeles County, California","597","190","407",,Santa Ana Fwy,1.183630085283135,36.000000000000000,364.712
"4511","060375337022","5337022","533702",0.041500000000000,BG 2,"46492","46492",Maywood,Maywood,City of Maywood,1156707.707031250000000,4850.753752916441044,,,"60375337022","60375337022",1222.914,"Block Group 2, Census Tract 5337.02, Los Angeles County, California","1135","398","737",,"4511","5337022","533702",0.041500000000000,BG 2,"46492","46492",Maywood,Maywood,City of Maywood,1156707.707031250000000,4850.753752916441044,,,"60375337022","60375337022","Block Group 2, Census Tract 5337.02, Los Angeles County, California","1135","398","737",,Long Beach Fwy,1.077457681804348,14.000000000000000,1159.160
"4516","060375337021","5337021","533702",0.083600000000000,BG 1,"46492","46492",Maywood,Maywood,City of Maywood,2331828.134765625000000,6152.991282070361194,,,"60375337021","60375337021",2690.848,"Block Group 1, Census Tract 5337.02, Los Angeles County, California","2158","815","1343",,"4516","5337021","533702",0.083600000000000,BG 1,"46492","46492",Maywood,Maywood,City of Maywood,2331828.134765625000000,6152.991282070361194,,,"60375337021","60375337021","Block Group 1, Census Tract 5337.02, Los Angeles County, California","2158","815","1343",,Long Beach Fwy,1.246917605524149,12.000000000000000,2163.649
"4747","060375337032","5337032","533703",0.240600000000000,BG 2,"46492","46492",Maywood,Maywood,City of Maywood,6706991.255859375000000,13132.664569918182679,,,"60375337032","60375337032",368.702,"Block Group 2, Census Tract 5337.03, Los Angeles County, California","2326","874","1452",,"4747","5337032","533703",0.240600000000000,BG 2,"46492","46492",Maywood,Maywood,City of Maywood,6706991.255859375000000,13132.664569918182679,,,"60375337032","60375337032","Block Group 2, Census Tract 5337.03, Los Angeles County, California","2326","874","1452",,I- 710,0.158513524687366,12.000000000000000,2144.869
"4973","060375337031","5337031","533703",0.088900000000000,BG 1,"46492","46492",Maywood,Maywood,City of Maywood,2477174.216796875000000,8667.974309665618421,,,"60375337031","60375337031",986.695,"Block Group 1, Census Tract 5337.03, Los Angeles County, California","1511","542","969",,"4973","5337031","533703",0.088900000000000,BG 1,"46492","46492",Maywood,Maywood,City of Maywood,2477174.216796875000000,8667.974309665618421,,,"60375337031","60375337031","Block Group 1, Census Tract 5337.03, Los Angeles County, California","1511","542","969",,Long Beach Fwy,0.653007754428381,22.000000000000000,1562.572
"4975","060375335012","5335012","533501",0.090100000000000,BG 2,"36056","36056",Huntington Park,Huntington Park,City of Huntington Park,2511748.355468750000000,8734.451466425805847,,,"60375335012","60375335012",2829.618,"Block Group 2, Census Tract 5335.01, Los Angeles County, California","1171","366","805",,"4975","5335012","533501",0.090100000000000,BG 2,"36056","36056",Huntington Park,Huntington Park,City of Huntington Park,2511748.355468750000000,8734.451466425805847,,,"60375335012","60375335012","Block Group 2, Census Tract 5335.01, Los Angeles County, California","1171","366","805",,Long Beach Fwy,2.416411457924398,8.000000000000000,1126.990
"6158","060375334032","5334032","533403",0.079000000000000,BG 2,"46492","46492",Maywood,Maywood,City of Maywood,2201589.321289062500000,6782.231289701766400,,,"60375334032","60375334032",1080.036,"Block Group 2, Census Tract 5334.03, Los Angeles County, California","747","266","481",,"6158","5334032","533403",0.079000000000000,BG 2,"46492","46492",Maywood,Maywood,City of Maywood,2201589.321289062500000,6782.231289701766400,,,"60375334032","60375334032","Block Group 2, Census Tract 5334.03, Los Angeles County, California","747","266","481",,Long Beach Fwy,1.445830736635985,13.000000000000000,754.095
"1503","060375333001","5333001","533300",0.060300000000000,BG 1,"46492","46492",Maywood,Maywood,City of Maywood,1681175.950195312500000,8272.545625720105818,,,"60375333001","60375333001",2651.025,"Block Group 1, Census Tract 5333, Los Angeles County, California","1109","435","674",,"1503","5333001","533300",0.060300000000000,BG 1,"46492","46492",Maywood,Maywood,City of Maywood,1681175.950195312500000,8272.545625720105818,,,"60375333001","60375333001","Block Group 1, Census Tract 5333, Los Angeles County, California","1109","435","674",,Long Beach Fwy,2.390464009814533,20.000000000000000,1109.000
"5190","060375324001","5324001","532400",4.996000000000000,BG 1,"82422","82422",Vernon,Vernon,City of Vernon,139279799.500976562500000,68982.767036223827745,,,"60375324001","60375324001",237.985,"Block Group 1, Census Tract 5324, Los Angeles County, California","92","21","71",,"5190","5324001","532400",4.996000000000000,BG 1,"82422","82422",Vernon,Vernon,City of Vernon,139279799.500976562500000,68982.767036223827745,,,"60375324001","60375324001","Block Group 1, Census Tract 5324, Los Angeles County, California","92","21","71",,Santa Ana Fwy,2.586792834802849,56.000000000000000,61.332
"3168","060375337011","5337011","533701",0.052800000000000,BG 1,"46492","46492",Maywood,Maywood,City of Maywood,1470808.423828125000000,5470.574470894666774,,,"60375337011","60375337011",683.743,"Block Group 1, Census Tract 5337.01, Los Angeles County, California","1223","454","769",,"3168","5337011","533701",0.052800000000000,BG 1,"46492","46492",Maywood,Maywood,City of Maywood,1470808.423828125000000,5470.574470894666774,,,"60375337011","60375337011","Block Group 1, Census Tract 5337.01, Los Angeles County, California","1223","454","769",,Long Beach Fwy,0.559069963703172,12.000000000000000,1239.444
"4745","060375333002","5333002","533300",0.073500000000000,BG 2,"46492","46492",Maywood,Maywood,City of Maywood,2049912.204101562500000,6137.491388503288363,,,"60375333002","60375333002",4650.069,"Block Group 2, Census Tract 5333, Los Angeles County, California","2041","748","1293",,"4745","5333002","533300",0.073500000000000,BG 2,"46492","46492",Maywood,Maywood,City of Maywood,2049912.204101562500000,6137.491388503288363,,,"60375333002","60375333002","Block Group 2, Census Tract 5333, Los Angeles County, California","2041","748","1293",,I- 710,2.278328929462333,8.000000000000000,1991.816
"4746","060375334031","5334031","533403",0.103800000000000,BG 1,"46492","46492",Maywood,Maywood,City of Maywood,2892715.219726562500000,8344.082907612415511,,,"60375334031","60375334031",1783.596,"Block Group 1, Census Tract 5334.03, Los Angeles County, California","1789","576","1213",,"4746","5334031","533403",0.103800000000000,BG 1,"46492","46492",Maywood,Maywood,City of Maywood,2892715.219726562500000,8344.082907612415511,,,"60375334031","60375334031","Block Group 1, Census Tract 5334.03, Los Angeles County, California","1789","576","1213",,Long Beach Fwy,0.996979289878537,12.000000000000000,1778.347
"4749","060375334011","5334011","533401",0.099900000000000,BG 1,"46492","46492",Maywood,Maywood,City of Maywood,2783952.305664062500000,9351.663309725629006,,,"60375334011","60375334011",3923.802,"Block Group 1, Census Tract 5334.01, Los Angeles County, California","2414","817","1597",,"4749","5334011","533401",0.099900000000000,BG 1,"46492","46492",Maywood,Maywood,City of Maywood,2783952.305664062500000,9351.663309725629006,,,"60375334011","60375334011","Block Group 1, Census Tract 5334.01, Los Angeles County, California","2414","817","1597",,I- 710,1.625435857655839,22.000000000000000,2495.130
"5970","060375334012","5334012","533401",0.035500000000000,BG 2,"46492","46492",Maywood,Maywood,City of Maywood,989955.968750000000000,5664.677643447293121,,,"60375334012","60375334012",901.297,"Block Group 2, Census Tract 5334.01, Los Angeles County, California","824","275","549",,"5970","5334012","533401",0.035500000000000,BG 2,"46492","46492",Maywood,Maywood,City of Maywood,989955.968750000000000,5664.677643447293121,,,"60375334012","60375334012","Block Group 2, Census Tract 5334.01, Los Angeles County, California","824","275","549",,Long Beach Fwy,1.093806809222976,10.000000000000000,833.561
"4517","060375334021","5334021","533402",0.111900000000000,BG 1,"46492","46492",Maywood,Maywood,City of Maywood,3119297.111328125000000,7115.707625277939769,,,"60375334021","60375334021",4462.804,"Block Group 1, Census Tract 5334.02, Los Angeles County, California","2269","795","1474",,"4517","5334021","533402",0.111900000000000,BG 1,"46492","46492",Maywood,Maywood,City of Maywood,3119297.111328125000000,7115.707625277939769,,,"60375334021","60375334021","Block Group 1, Census Tract 5334.02, Los Angeles County, California","2269","795","1474",,I- 710,1.966859252997108,12.000000000000000,2247.169
"4976","060375335011","5335011","533501",0.072900000000000,BG 1,"36056","36056",Huntington Park,Huntington Park,City of Huntington Park,2033320.219726562500000,5844.412499422186556,,,"60375335011","60375335011",3724.710,"Block Group 1, Census Tract 5335.01, Los Angeles County, California","1628","575","1053",,"4976","5335011","533501",0.072900000000000,BG 1,"36056","36056",Huntington Park,Huntington Park,City of Huntington Park,2033320.219726562500000,5844.412499422186556,,,"60375335011","60375335011","Block Group 1, Census Tract 5335.01, Los Angeles County, California","1628","575","1053",,Long Beach Fwy,2.287905564283972,12.000000000000000,1638.989
"4979","060375335031","5335031","533503",0.040100000000000,BG 1,"36056","36056",Huntington Park,Huntington Park,City of Huntington Park,1117705.513671875000000,4386.304090877059934,,,"60375335031","60375335031",2054.642,"Block Group 1, Census Tract 5335.03, Los Angeles County, California","1278","447","831",,"4979","5335031","533503",0.040100000000000,BG 1,"36056","36056",Huntington Park,Huntington Park,City of Huntington Park,1117705.513671875000000,4386.304090877059934,,,"60375335031","60375335031","Block Group 1, Census Tract 5335.03, Los Angeles County, California","1278","447","831",,I- 710,1.607700914173762,9.000000000000000,1285.038
"5782","060375334022","5334022","533402",0.075600000000000,BG 2,"46492","46492",Maywood,Maywood,City of Maywood,2108012.288085937500000,5824.318938989677918,,,"60375334022","60375334022",2067.886,"Block Group 2, Census Tract 5334.02, Los Angeles County, California","1375","433","942",,"5782","5334022","533402",0.075600000000000,BG 2,"46492","46492",Maywood,Maywood,City of Maywood,2108012.288085937500000,5824.318938989677918,,,"60375334022","60375334022","Block Group 2, Census Tract 5334.02, Los Angeles County, California","1375","433","942",,I- 710,1.503917337502557,12.000000000000000,1382.891
"5785","060375337012","5337012","533701",0.101900000000000,BG 2,"46492","46492",Maywood,Maywood,City of Maywood,2839855.865234375000000,6856.907359857152187,,,"60375337012","60375337012",1828.190,"Block Group 2, Census Tract 5337.01, Los Angeles County, California","2267","876","1391",,"5785","5337012","533701",0.101900000000000,BG 2,"46492","46492",Maywood,Maywood,City of Maywood,2839855.865234375000000,6856.907359857152187,,,"60375337012","60375337012","Block Group 2, Census Tract 5337.01, Los Angeles County, California","2267","876","1391",,Long Beach Fwy,0.806435757195303,24.000000000000000,2351.664
"6135","060375334013","5334013","533401",0.048200000000000,BG 3,"46492","46492",Maywood,Maywood,City of Maywood,1342375.346679687500000,5314.947989102081010,,,"60375334013","60375334013",2410.162,"Block Group 3, Census Tract 5334.01, Los Angeles County, California","1298","439","859",,"6135","5334013","533401",0.048200000000000,BG 3,"46492","46492",Maywood,Maywood,City of Maywood,1342375.346679687500000,5314.947989102081010,,,"60375334013","60375334013","Block Group 3, Census Tract 5334.01, Los Angeles County, California","1298","439","859",,Long Beach Fwy,1.856827321784536,14.000000000000000,1324.554
"6156","060375335021","5335021","533502",0.055600000000000,BG 1,"36056","36056",Huntington Park,Huntington Park,City of Huntington Park,1549945.254882812500000,4983.408309282105620,,,"60375335021","60375335021",2492.096,"Block Group 1, Census Tract 5335.02, Los Angeles County, California","1315","458","857",,"6156","5335021","533502",0.055600000000000,BG 1,"36056","36056",Huntington Park,Huntington Park,City of Huntington Park,1549945.254882812500000,4983.408309282105620,,,"60375335021","60375335021","Block Group 1, Census Tract 5335.02, Los Angeles County, California","1315","458","857",,I- 710,1.895130138046122,6.000000000000000,1270.661
"5184","060375323022","5323022","532302",0.827400000000000,BG 2,"14974","14974",Commerce,Commerce,City of Commerce,23066520.043945312500000,28740.476192451715178,,,"60375323022","60375323022",338.396,"Block Group 2, Census Tract 5323.02, Los Angeles County, California","1074","349","725",,"5184","5323022","532302",0.827400000000000,BG 2,"14974","14974",Commerce,Commerce,City of Commerce,23066520.043945312500000,28740.476192451715178,,,"60375323022","60375323022","Block Group 2, Census Tract 5323.02, Los Angeles County, California","1074","349","725",,I- 710,0.315080027499595,28.000000000000000,1000.865
"2499","060375313021","5313021","531302",0.048100000000000,BG 1,"20802","99037",East Los Angeles,Unincorporated,LA County - East Los Angeles,1340533.050781250000000,4802.429176062883926,,,"60375313021","60375313021",114.725,"Block Group 1, Census Tract 5313.02, Los Angeles County, California","890","315","575",,"2499","5313021","531302",0.048100000000000,BG 1,"20802","99037",East Los Angeles,Unincorporated,LA County - East Los Angeles,1340533.050781250000000,4802.429176062883926,,,"60375313021","60375313021","Block Group 1, Census Tract 5313.02, Los Angeles County, California","890","315","575",,I- 5,0.128904842847808,10.000000000000000,895.989
"2500","060375315021","5315021","531502",0.054800000000000,BG 1,"20802","99037",East Los Angeles,Unincorporated,LA County - East Los Angeles,1527478.065429687500000,5184.761484956819913,,,"60375315021","60375315021",135.584,"Block Group 1, Census Tract 5315.02, Los Angeles County, California","884","303","581",,"2500","5315021","531502",0.054800000000000,BG 1,"20802","99037",East Los Angeles,Unincorporated,LA County - East Los Angeles,1527478.065429687500000,5184.761484956819913,,,"60375315021","60375315021","Block Group 1, Census Tract 5315.02, Los Angeles County, California","884","303","581",,I- 5,0.153376088146607,20.000000000000000,884.000
"2505","060375319011","5319011","531901",0.070300000000000,BG 1,"20802","99037",East Los Angeles,Unincorporated,LA County - East Los Angeles,1960207.404296875000000,10120.289085969414373,,,"60375319011","60375319011",2051.017,"Block Group 1, Census Tract 5319.01, Los Angeles County, California","1534","552","982",,"2505","5319011","531901",0.070300000000000,BG 1,"20802","99037",East Los Angeles,Unincorporated,LA County - East Los Angeles,1960207.404296875000000,10120.289085969414373,,,"60375319011","60375319011","Block Group 1, Census Tract 5319.01, Los Angeles County, California","1534","552","982",,Santa Ana Fwy,1.337038233362692,24.000000000000000,1534.000
"3117","060375319014","5319014","531901",0.061900000000000,BG 4,"20802","99037",East Los Angeles,Unincorporated,LA County - East Los Angeles,1724290.342773437500000,7167.554638102450554,,,"60375319014","60375319014",1246.968,"Block Group 4, Census Tract 5319.01, Los Angeles County, California","1060","317","743",,"3117","5319014","531901",0.061900000000000,BG 4,"20802","99037",East Los Angeles,Unincorporated,LA County - East Los Angeles,1724290.342773437500000,7167.554638102450554,,,"60375319014","60375319014","Block Group 4, Census Tract 5319.01, Los Angeles County, California","1060","317","743",,Santa Ana Fwy,1.176385027524785,20.000000000000000,1060.000
"3340","060375319023","5319023","531902",0.061300000000000,BG 3,"20802","99037",East Los Angeles,Unincorporated,LA County - East Los Angeles,1707946.650390625000000,7592.185794714965596,,,"60375319023","60375319023",906.979,"Block Group 3, Census Tract 5319.02, Los Angeles County, California","871","251","620",,"3340","5319023","531902",0.061300000000000,BG 3,"20802","99037",East Los Angeles,Unincorporated,LA County - East Los Angeles,1707946.650390625000000,7592.185794714965596,,,"60375319023","60375319023","Block Group 3, Census Tract 5319.02, Los Angeles County, California","871","251","620",,State Rte 72,1.041308191157625,22.000000000000000,871.000
"3872","060375317022","5317022","531702",0.052500000000000,BG 2,"20802","99037",East Los Angeles,Unincorporated,LA County - East Los Angeles,1464569.376953125000000,5707.232010530523439,,,"60375317022","60375317022",240.334,"Block Group 2, Census Tract 5317.02, Los Angeles County, California","674","238","436",,"3872","5317022","531702",0.052500000000000,BG 2,"20802","99037",East Los Angeles,Unincorporated,LA County - East Los Angeles,1464569.376953125000000,5707.232010530523439,,,"60375317022","60375317022","Block Group 2, Census Tract 5317.02, Los Angeles County, California","674","238","436",,I- 5,0.356578349766107,26.000000000000000,674.000
"3875","060375317021","5317021","531702",0.053600000000000,BG 1,"20802","99037",East Los Angeles,Unincorporated,LA County - East Los Angeles,1495616.929687500000000,5033.757853790491026,,,"60375317021","60375317021",605.975,"Block Group 1, Census Tract 5317.02, Los Angeles County, California","688","213","475",,"3875","5317021","531702",0.053600000000000,BG 1,"20802","99037",East Los Angeles,Unincorporated,LA County - East Los Angeles,1495616.929687500000000,5033.757853790491026,,,"60375317021","60375317021","Block Group 1, Census Tract 5317.02, Los Angeles County, California","688","213","475",,I- 5,0.880777995874836,16.000000000000000,704.773
"4048","060375317023","5317023","531702",0.082700000000000,BG 3,"20802","99037",East Los Angeles,Unincorporated,LA County - East Los Angeles,2305141.244140625000000,7246.325804267984495,,,"60375317023","60375317023",347.090,"Block Group 3, Census Tract 5317.02, Los Angeles County, California","1598","551","1047",,"4048","5317023","531702",0.082700000000000,BG 3,"20802","99037",East Los Angeles,Unincorporated,LA County - East Los Angeles,2305141.244140625000000,7246.325804267984495,,,"60375317023","60375317023","Block Group 3, Census Tract 5317.02, Los Angeles County, California","1598","551","1047",,Santa Ana Fwy,0.217203065058184,17.000000000000000,1635.149
"4060","060375313011","5313011","531301",0.140700000000000,BG 1,"20802","99037",East Los Angeles,Unincorporated,LA County - East Los Angeles,3923442.980468750000000,8428.270471176792853,,,"60375313011","60375313011",273.120,"Block Group 1, Census Tract 5313.01, Los Angeles County, California","1345","490","855",,"4060","5313011","531301",0.140700000000000,BG 1,"20802","99037",East Los Angeles,Unincorporated,LA County - East Los Angeles,3923442.980468750000000,8428.270471176792853,,,"60375313011","60375313011","Block Group 1, Census Tract 5313.01, Los Angeles County, California","1345","490","855",,Santa Ana Fwy,0.203063292979428,20.000000000000000,1376.507
"4064","060375313023","5313023","531302",0.105300000000000,BG 3,"20802","99037",East Los Angeles,Unincorporated,LA County - East Los Angeles,2935104.941406250000000,6848.303876739240877,,,"60375313023","60375313023",963.785,"Block Group 3, Census Tract 5313.02, Los Angeles County, California","2109","782","1327",,"4064","5313023","531302",0.105300000000000,BG 3,"20802","99037",East Los Angeles,Unincorporated,LA County - East Los Angeles,2935104.941406250000000,6848.303876739240877,,,"60375313023","60375313023","Block Group 3, Census Tract 5313.02, Los Angeles County, California","2109","782","1327",,Santa Ana Fwy,0.456986881133742,11.000000000000000,2078.204
"4691","060375316022","5316022","531602",0.048100000000000,BG 2,"20802","99037",East Los Angeles,Unincorporated,LA County - East Los Angeles,1341613.171875000000000,4700.987217863540536,,,"60375316022","60375316022",202.155,"Block Group 2, Census Tract 5316.02, Los Angeles County, California","994","338","656",,"4691","5316022","531602",0.048100000000000,BG 2,"20802","99037",East Los Angeles,Unincorporated,LA County - East Los Angeles,1341613.171875000000000,4700.987217863540536,,,"60375316022","60375316022","Block Group 2, Census Tract 5316.02, Los Angeles County, California","994","338","656",,I- 5,0.203374890223436,6.000000000000000,968.815
"5192","060375320012","5320012","532001",0.408800000000000,BG 2,"48816","48816",Montebello,Montebello,City of Montebello,11397695.522460937500000,14721.386263556456470,,,"60375320012","60375320012",1438.251,"Block Group 2, Census Tract 5320.01, Los Angeles County, California","1422","416","1006",,"5192","5320012","532001",0.408800000000000,BG 2,"48816","48816",Montebello,Montebello,City of Montebello,11397695.522460937500000,14721.386263556456470,,,"60375320012","60375320012","Block Group 2, Census Tract 5320.01, Los Angeles County, California","1422","416","1006",,W Whittier Blvd,1.011428221000173,22.000000000000000,1385.064
"5713","060375323033","5323033","532303",2.020600000000000,BG 3,"14974","14974",Commerce,Commerce,City of Commerce,56331460.280273437500000,39531.317573139596789,,,"60375323033","60375323033",544.275,"Block Group 3, Census Tract 5323.03, Los Angeles County, California","826","275","551",,"5713","5323033","532303",2.020600000000000,BG 3,"14974","14974",Commerce,Commerce,City of Commerce,56331460.280273437500000,39531.317573139596789,,,"60375323033","60375323033","Block Group 3, Census Tract 5323.03, Los Angeles County, California","826","275","551",,I- 5,0.658928001489462,51.000000000000000,792.277
"2372","060375302021","5302021","530202",0.124300000000000,BG 1,"48816","48816",Montebello,Montebello,City of Montebello,3464689.995117187500000,9229.658333702584059,,,"60375302021","60375302021",457.206,"Block Group 1, Census Tract 5302.02, Los Angeles County, California","1091","285","806",,"2372","5302021","530202",0.124300000000000,BG 1,"48816","48816",Montebello,Montebello,City of Montebello,3464689.995117187500000,9229.658333702584059,,,"60375302021","60375302021","Block Group 1, Census Tract 5302.02, Los Angeles County, California","1091","285","806",,Pomona Fwy,0.419070755962104,10.000000000000000,1051.550
"739","060375304002","5304002","530400",0.462900000000000,BG 2,"48914","48914",Monterey Park,Monterey Park,City of Monterey Park,12904703.247070312500000,18728.655219164498703,,,"60375304002","60375304002",463.360,"Block Group 2, Census Tract 5304, Los Angeles County, California","1757","450","1307",,"739","5304002","530400",0.462900000000000,BG 2,"48914","48914",Monterey Park,Monterey Park,City of Monterey Park,12904703.247070312500000,18728.655219164498703,,,"60375304002","60375304002","Block Group 2, Census Tract 5304, Los Angeles County, California","1757","450","1307",,State Rte 60,0.263722139290830,22.000000000000000,1686.163
"128","060372017002","2017002","201700",0.182800000000000,BG 2,"44000","44000",Los Angeles,Los Angeles,LA City - El Sereno,5095897.374023437500000,14849.167087934565643,,,"60372017002","60372017002",1153.902,"Block Group 2, Census Tract 2017, Los Angeles County, California","1516","507","1009",,"128","2017002","201700",0.182800000000000,BG 2,"44000","44000",Los Angeles,Los Angeles,LA City - El Sereno,5095897.374023437500000,14849.167087934565643,,,"60372017002","60372017002","Block Group 2, Census Tract 2017, Los Angeles County, California","1516","507","1009",,I- 10,0.761148993876144,19.000000000000000,1532.187
"589","060375305003","5305003","530500",0.083600000000000,BG 3,"20802","99037",East Los Angeles,Unincorporated,LA County - East Los Angeles,2331838.824218750000000,6453.004937175517625,,,"60375305003","60375305003",140.767,"Block Group 3, Census Tract 5305, Los Angeles County, California","925","273","652",,"589","5305003","530500",0.083600000000000,BG 3,"20802","99037",East Los Angeles,Unincorporated,LA County - East Los Angeles,2331838.824218750000000,6453.004937175517625,,,"60375305003","60375305003","Block Group 3, Census Tract 5305, Los Angeles County, California","925","273","652",,State Rte 60,0.152180529313211,16.000000000000000,943.532
"1032","060375302023","5302023","530202",0.197300000000000,BG 3,"48816","48816",Montebello,Montebello,City of Montebello,5500100.759765625000000,14318.252127279287379,,,"60375302023","60375302023",1417.098,"Block Group 3, Census Tract 5302.02, Los Angeles County, California","1116","323","793",,"1032","5302023","530202",0.197300000000000,BG 3,"48816","48816",Montebello,Montebello,City of Montebello,5500100.759765625000000,14318.252127279287379,,,"60375302023","60375302023","Block Group 3, Census Tract 5302.02, Los Angeles County, California","1116","323","793",,State Rte 60,1.269801269269673,28.000000000000000,1161.289
"1199","060372017001","2017001","201700",0.380800000000000,BG 1,"44000","44000",Los Angeles,Los Angeles,LA City - El Sereno,10616013.954101562500000,16413.766253460420558,,,"60372017001","60372017001",408.044,"Block Group 1, Census Tract 2017, Los Angeles County, California","811","220","591",,"1199","2017001","201700",0.380800000000000,BG 1,"44000","44000",Los Angeles,Los Angeles,LA City - El Sereno,10616013.954101562500000,16413.766253460420558,,,"60372017001","60372017001","Block Group 1, Census Tract 2017, Los Angeles County, California","811","220","591",,I- 10,0.503137047972022,26.000000000000000,817.335
"2250","060375313013","5313013","531301",0.050000000000000,BG 3,"20802","99037",East Los Angeles,Unincorporated,LA County - East Los Angeles,1393812.468750000000000,4729.875613391965999,,,"60375313013","60375313013",297.930,"Block Group 3, Census Tract 5313.01, Los Angeles County, California","1363","532","831",,"2250","5313013","531301",0.050000000000000,BG 3,"20802","99037",East Los Angeles,Unincorporated,LA County - East Los Angeles,1393812.468750000000000,4729.875613391965999,,,"60375313013","60375313013","Block Group 3, Census Tract 5313.01, Los Angeles County, California","1363","532","831",,I- 5,0.218583931878802,6.000000000000000,1325.611
"2251","060375313014","5313014","531301",0.045700000000000,BG 4,"20802","99037",East Los Angeles,Unincorporated,LA County - East Los Angeles,1273966.646484375000000,4531.613697727067120,,,"60375313014","60375313014",255.191,"Block Group 4, Census Tract 5313.01, Los Angeles County, California","1168","449","719",,"2251","5313014","531301",0.045700000000000,BG 4,"20802","99037",East Los Angeles,Unincorporated,LA County - East Los Angeles,1273966.646484375000000,4531.613697727067120,,,"60375313014","60375313014","Block Group 4, Census Tract 5313.01, Los Angeles County, California","1168","449","719",,I- 5,0.218485518059613,12.000000000000000,1185.941
"2252","060375313022","5313022","531302",0.070200000000000,BG 2,"20802","99037",East Los Angeles,Unincorporated,LA County - East Los Angeles,1958028.963867187500000,9955.243204594142298,,,"60375313022","60375313022",37.405,"Block Group 2, Census Tract 5313.02, Los Angeles County, California","647","235","412",,"2252","5313022","531302",0.070200000000000,BG 2,"20802","99037",East Los Angeles,Unincorporated,LA County - East Los Angeles,1958028.963867187500000,9955.243204594142298,,,"60375313022","60375313022","Block Group 2, Census Tract 5313.02, Los Angeles County, California","647","235","412",,I- 5,0.057812990435426,21.000000000000000,668.228
"2497","060375312012","5312012","531201",0.094300000000000,BG 2,"20802","99037",East Los Angeles,Unincorporated,LA County - East Los Angeles,2630105.270507812500000,8046.228395794501012,,,"60375312012","60375312012",544.851,"Block Group 2, Census Tract 5312.01, Los Angeles County, California","2258","827","1431",,"2497","5312012","531201",0.094300000000000,BG 2,"20802","99037",East Los Angeles,Unincorporated,LA County - East Los Angeles,2630105.270507812500000,8046.228395794501012,,,"60375312012","60375312012","Block Group 2, Census Tract 5312.01, Los Angeles County, California","2258","827","1431",,Pomona Fwy,0.241298240918734,20.000000000000000,2324.884
"2498","060375312021","5312021","531202",0.070200000000000,BG 1,"20802","99037",East Los Angeles,Unincorporated,LA County - East Los Angeles,1955800.178710937500000,6122.828374536067713,,,"60375312021","60375312021",1041.155,"Block Group 1, Census Tract 5312.02, Los Angeles County, California","1742","636","1106",,"2498","5312021","531202",0.070200000000000,BG 1,"20802","99037",East Los Angeles,Unincorporated,LA County - East Los Angeles,1955800.178710937500000,6122.828374536067713,,,"60375312021","60375312021","Block Group 1, Census Tract 5312.02, Los Angeles County, California","1742","636","1106",,I- 5,0.597677830473616,15.000000000000000,1775.861
"2501","060375315031","5315031","531503",0.368400000000000,BG 1,"20802","99037",East Los Angeles,Unincorporated,LA County - East Los Angeles,10269992.686523437500000,14014.573385625340961,,,"60375315031","60375315031",491.022,"Block Group 1, Census Tract 5315.03, Los Angeles County, California","1598","538","1060",,"2501","5315031","531503",0.368400000000000,BG 1,"20802","99037",East Los Angeles,Unincorporated,LA County - East Los Angeles,10269992.686523437500000,14014.573385625340961,,,"60375315031","60375315031","Block Group 1, Census Tract 5315.03, Los Angeles County, California","1598","538","1060",,I- 710,0.307272705131079,26.000000000000000,1614.056
"2502","060375315032","5315032","531503",0.080600000000000,BG 2,"20802","99037",East Los Angeles,Unincorporated,LA County - East Los Angeles,2247561.791992187500000,8246.495518498470119,,,"60375315032","60375315032",132.376,"Block Group 2, Census Tract 5315.03, Los Angeles County, California","1217","454","763",,"2502","5315032","531503",0.080600000000000,BG 2,"20802","99037",East Los Angeles,Unincorporated,LA County - East Los Angeles,2247561.791992187500000,8246.495518498470119,,,"60375315032","60375315032","Block Group 2, Census Tract 5315.03, Los Angeles County, California","1217","454","763",,Long Beach Fwy,0.108772164307798,20.000000000000000,1254.332
"2503","060375315041","5315041","531504",0.113700000000000,BG 1,"20802","99037",East Los Angeles,Unincorporated,LA County - East Los Angeles,3170971.745117187500000,7425.360738834748190,,,"60375315041","60375315041",829.056,"Block Group 1, Census Tract 5315.04, Los Angeles County, California","2123","692","1431",,"2503","5315041","531504",0.113700000000000,BG 1,"20802","99037",East Los Angeles,Unincorporated,LA County - East Los Angeles,3170971.745117187500000,7425.360738834748190,,,"60375315041","60375315041","Block Group 1, Census Tract 5315.04, Los Angeles County, California","2123","692","1431",,Long Beach Fwy,0.390511527400780,12.000000000000000,2100.812
"2504","060375315042","5315042","531504",0.080400000000000,BG 2,"20802","99037",East Los Angeles,Unincorporated,LA County - East Los Angeles,2240980.942382812500000,6009.833371949562206,,,"60375315042","60375315042",664.517,"Block Group 2, Census Tract 5315.04, Los Angeles County, California","1818","639","1179",,"2504","5315042","531504",0.080400000000000,BG 2,"20802","99037",East Los Angeles,Unincorporated,LA County - East Los Angeles,2240980.942382812500000,6009.833371949562206,,,"60375315042","60375315042","Block Group 2, Census Tract 5315.04, Los Angeles County, California","1818","639","1179",,Long Beach Fwy,0.365520723204437,12.000000000000000,1825.067
"2506","060375319012","5319012","531901",0.068500000000000,BG 2,"20802","99037",East Los Angeles,Unincorporated,LA County - East Los Angeles,1909253.360351562500000,6474.846398385944667,,,"60375319012","60375319012",2240.968,"Block Group 2, Census Tract 5319.01, Los Angeles County, California","1381","460","921",,"2506","5319012","531901",0.068500000000000,BG 2,"20802","99037",East Los Angeles,Unincorporated,LA County - East Los Angeles,1909253.360351562500000,6474.846398385944667,,,"60375319012","60375319012","Block Group 2, Census Tract 5319.01, Los Angeles County, California","1381","460","921",,Santa Ana Fwy,1.622713958510299,14.000000000000000,1403.790
"2507","060375319013","5319013","531901",0.098400000000000,BG 3,"20802","99037",East Los Angeles,Unincorporated,LA County - East Los Angeles,2742259.319335937500000,7898.546924956942348,,,"60375319013","60375319013",2455.121,"Block Group 3, Census Tract 5319.01, Los Angeles County, California","1767","570","1197",,"2507","5319013","531901",0.098400000000000,BG 3,"20802","99037",East Los Angeles,Unincorporated,LA County - East Los Angeles,2742259.319335937500000,7898.546924956942348,,,"60375319013","60375319013","Block Group 3, Census Tract 5319.01, Los Angeles County, California","1767","570","1197",,Santa Ana Fwy,1.389428959114771,28.000000000000000,1767.000
"2606","060375315022","5315022","531502",0.060300000000000,BG 2,"20802","99037",East Los Angeles,Unincorporated,LA County - East Los Angeles,1681632.999023437500000,5417.101590337985726,,,"60375315022","60375315022",62.570,"Block Group 2, Census Tract 5315.02, Los Angeles County, California","622","227","395",,"2606","5315022","531502",0.060300000000000,BG 2,"20802","99037",East Los Angeles,Unincorporated,LA County - East Los Angeles,1681632.999023437500000,5417.101590337985726,,,"60375315022","60375315022","Block Group 2, Census Tract 5315.02, Los Angeles County, California","622","227","395",,Long Beach Fwy,0.100595405977853,12.000000000000000,628.929
"3164","060375308014","5308014","530801",0.071800000000000,BG 4,"20802","99037",East Los Angeles,Unincorporated,LA County - East Los Angeles,2002157.167968750000000,6331.013455923531183,,,"60375308014","60375308014",1051.967,"Block Group 4, Census Tract 5308.01, Los Angeles County, California","1455","551","904",,"3164","5308014","530801",0.071800000000000,BG 4,"20802","99037",East Los Angeles,Unincorporated,LA County - East Los Angeles,2002157.167968750000000,6331.013455923531183,,,"60375308014","60375308014","Block Group 4, Census Tract 5308.01, Los Angeles County, California","1455","551","904",,San Bernardino Fwy,0.723001441197502,18.000000000000000,1494.430
"3165","060375307001","5307001","530700",0.408100000000000,BG 1,"20802","99037",East Los Angeles,Unincorporated,LA County - East Los Angeles,11377320.562500000000000,17884.926304947370227,,,"60375307001","60375307001",380.497,"Block Group 1, Census Tract 5307, Los Angeles County, California","1975","655","1320",,"3165","5307001","530700",0.408100000000000,BG 1,"20802","99037",East Los Angeles,Unincorporated,LA County - East Los Angeles,11377320.562500000000000,17884.926304947370227,,,"60375307001","60375307001","Block Group 1, Census Tract 5307, Los Angeles County, California","1975","655","1320",,San Bernardino Fwy,0.192656804271184,16.000000000000000,1786.672
"3166","060375309022","5309022","530902",0.121300000000000,BG 2,"20802","99037",East Los Angeles,Unincorporated,LA County - East Los Angeles,3380264.410156250000000,11520.207690260140225,,,"60375309022","60375309022",2079.771,"Block Group 2, Census Tract 5309.02, Los Angeles County, California","1849","593","1256",,"3166","5309022","530902",0.121300000000000,BG 2,"20802","99037",East Los Angeles,Unincorporated,LA County - East Los Angeles,3380264.410156250000000,11520.207690260140225,,,"60375309022","60375309022","Block Group 2, Census Tract 5309.02, Los Angeles County, California","1849","593","1256",,I- 10,1.124808725622231,26.000000000000000,1923.730
"3167","060375305004","5305004","530500",0.124100000000000,BG 4,"20802","99037",East Los Angeles,Unincorporated,LA County - East Los Angeles,3460322.395507812500000,11030.216955757579854,,,"60375305004","60375305004",232.303,"Block Group 4, Census Tract 5305, Los Angeles County, California","997","326","671",,"3167","5305004","530500",0.124100000000000,BG 4,"20802","99037",East Los Angeles,Unincorporated,LA County - East Los Angeles,3460322.395507812500000,11030.216955757579854,,,"60375305004","60375305004","Block Group 4, Census Tract 5305, Los Angeles County, California","997","326","671",,I- 710,0.233002056549528,32.000000000000000,997.000
"3170","060375305002","5305002","530500",0.066100000000000,BG 2,"20802","99037",East Los Angeles,Unincorporated,LA County - East Los Angeles,1842758.832031250000000,7830.095633054368591,,,"60375305002","60375305002",131.127,"Block Group 2, Census Tract 5305, Los Angeles County, California","710","210","500",,"3170","5305002","530500",0.066100000000000,BG 2,"20802","99037",East Los Angeles,Unincorporated,LA County - East Los Angeles,1842758.832031250000000,7830.095633054368591,,,"60375305002","60375305002","Block Group 2, Census Tract 5305, Los Angeles County, California","710","210","500",,State Rte 60,0.184685799496531,12.000000000000000,716.526
"3171","060375303023","5303023","530302",0.053400000000000,BG 3,"20802","99037",East Los Angeles,Unincorporated,LA County - East Los Angeles,1487539.807617187500000,5127.251437607408661,,,"60375303023","60375303023",1150.083,"Block Group 3, Census Tract 5303.02, Los Angeles County, California","1256","388","868",,"3171","5303023","530302",0.053400000000000,BG 3,"20802","99037",East Los Angeles,Unincorporated,LA County - East Los Angeles,1487539.807617187500000,5127.251437607408661,,,"60375303023","60375303023","Block Group 3, Census Tract 5303.02, Los Angeles County, California","1256","388","868",,Pomona Fwy,0.915671394008975,8.000000000000000,1244.723
"3172","060375303012","5303012","530301",0.102200000000000,BG 2,"20802","99037",East Los Angeles,Unincorporated,LA County - East Los Angeles,2849839.112304687500000,7215.873940829201274,,,"60375303012","60375303012",905.508,"Block Group 2, Census Tract 5303.01, Los Angeles County, California","1050","298","752",,"3172","5303012","530301",0.102200000000000,BG 2,"20802","99037",East Los Angeles,Unincorporated,LA County - East Los Angeles,2849839.112304687500000,7215.873940829201274,,,"60375303012","60375303012","Block Group 2, Census Tract 5303.01, Los Angeles County, California","1050","298","752",,State Rte 60,0.862388329431061,12.000000000000000,1044.493
"3721","060375305001","5305001","530500",0.073800000000000,BG 1,"20802","99037",East Los Angeles,Unincorporated,LA County - East Los Angeles,2057162.271484375000000,5749.643627081049090,,,"60375305001","60375305001",693.085,"Block Group 1, Census Tract 5305, Los Angeles County, California","1368","447","921",,"3721","5305001","530500",0.073800000000000,BG 1,"20802","99037",East Los Angeles,Unincorporated,LA County - East Los Angeles,2057162.271484375000000,5749.643627081049090,,,"60375305001","60375305001","Block Group 1, Census Tract 5305, Los Angeles County, California","1368","447","921",,Long Beach Fwy,0.506640927685777,10.000000000000000,1359.950
"3865","060375303011","5303011","530301",0.123400000000000,BG 1,"20802","99037",East Los Angeles,Unincorporated,LA County - East Los Angeles,3438980.488281250000000,10726.679250027957096,,,"60375303011","60375303011",662.111,"Block Group 1, Census Tract 5303.01, Los Angeles County, California","833","264","569",,"3865","5303011","530301",0.123400000000000,BG 1,"20802","99037",East Los Angeles,Unincorporated,LA County - East Los Angeles,3438980.488281250000000,10726.679250027957096,,,"60375303011","60375303011","Block Group 1, Census Tract 5303.01, Los Angeles County, California","833","264","569",,State Rte 60,0.794850706180194,26.000000000000000,866.619
"3866","060375303024","5303024","530302",0.090100000000000,BG 4,"20802","99037",East Los Angeles,Unincorporated,LA County - East Los Angeles,2512319.775390625000000,7121.797423710936528,,,"60375303024","60375303024",576.988,"Block Group 4, Census Tract 5303.02, Los Angeles County, California","1176","312","864",,"3866","5303024","530302",0.090100000000000,BG 4,"20802","99037",East Los Angeles,Unincorporated,LA County - East Los Angeles,2512319.775390625000000,7121.797423710936528,,,"60375303024","60375303024","Block Group 4, Census Tract 5303.02, Los Angeles County, California","1176","312","864",,Pomona Fwy,0.490635754865005,42.000000000000000,1176.000
"3871","060375319021","5319021","531902",0.083000000000000,BG 1,"20802","99037",East Los Angeles,Unincorporated,LA County - East Los Angeles,2315111.634765625000000,8273.077028810610500,,,"60375319021","60375319021",747.457,"Block Group 1, Census Tract 5319.02, Los Angeles County, California","836","228","608",,"3871","5319021","531902",0.083000000000000,BG 1,"20802","99037",East Los Angeles,Unincorporated,LA County - East Los Angeles,2315111.634765625000000,8273.077028810610500,,,"60375319021","60375319021","Block Group 1, Census Tract 5319.02, Los Angeles County, California","836","228","608",,W Whittier Blvd,0.894087717437220,23.000000000000000,866.044
"3873","060375318003","5318003","531800",0.079200000000000,BG 3,"20802","99037",East Los Angeles,Unincorporated,LA County - East Los Angeles,2209187.536132812500000,7001.373389304495504,,,"60375318003","60375318003",1086.033,"Block Group 3, Census Tract 5318, Los Angeles County, California","929","328","601",,"3873","5318003","531800",0.079200000000000,BG 3,"20802","99037",East Los Angeles,Unincorporated,LA County - East Los Angeles,2209187.536132812500000,7001.373389304495504,,,"60375318003","60375318003","Block Group 3, Census Tract 5318, Los Angeles County, California","929","328","601",,W Whittier Blvd,1.169034101781071,17.000000000000000,951.080
"3874","060375317024","5317024","531702",0.070700000000000,BG 4,"20802","99037",East Los Angeles,Unincorporated,LA County - East Los Angeles,1969814.385742187500000,6673.377996518008331,,,"60375317024","60375317024",761.715,"Block Group 4, Census Tract 5317.02, Los Angeles County, California","1162","398","764",,"3874","5317024","531702",0.070700000000000,BG 4,"20802","99037",East Los Angeles,Unincorporated,LA County - East Los Angeles,1969814.385742187500000,6673.377996518008331,,,"60375317024","60375317024","Block Group 4, Census Tract 5317.02, Los Angeles County, California","1162","398","764",,I- 5,0.655520981910979,26.000000000000000,1162.000
"4047","060375316042","5316042","531604",0.070900000000000,BG 2,"20802","99037",East Los Angeles,Unincorporated,LA County - East Los Angeles,1976468.517578125000000,6395.461881920366977,,,"60375316042","60375316042",1387.515,"Block Group 2, Census Tract 5316.04, Los Angeles County, California","1335","456","879",,"4047","5316042","531604",0.070900000000000,BG 2,"20802","99037",East Los Angeles,Unincorporated,LA County - East Los Angeles,1976468.517578125000000,6395.461881920366977,,,"60375316042","60375316042","Block Group 2, Census Tract 5316.04, Los Angeles County, California","1335","456","879",,Santa Ana Fwy,1.039336762732540,22.000000000000000,1335.000
"4049","060375318001","5318001","531800",0.067300000000000,BG 1,"20802","99037",East Los Angeles,Unincorporated,LA County - East Los Angeles,1877260.000976562500000,7387.153720829960548,,,"60375318001","60375318001",2369.871,"Block Group 1, Census Tract 5318, Los Angeles County, California","1707","618","1089",,"4049","5318001","531800",0.067300000000000,BG 1,"20802","99037",East Los Angeles,Unincorporated,LA County - East Los Angeles,1877260.000976562500000,7387.153720829960548,,,"60375318001","60375318001","Block Group 1, Census Tract 5318, Los Angeles County, California","1707","618","1089",,Pomona Fwy,1.388325076679462,24.000000000000000,1707.000
"4050","060375317012","5317012","531701",0.121600000000000,BG 2,"20802","99037",East Los Angeles,Unincorporated,LA County - East Los Angeles,3388722.917968750000000,9824.420569348068966,,,"60375317012","60375317012",2974.120,"Block Group 2, Census Tract 5317.01, Los Angeles County, California","2281","807","1474",,"4050","5317012","531701",0.121600000000000,BG 2,"20802","99037",East Los Angeles,Unincorporated,LA County - East Los Angeles,3388722.917968750000000,9824.420569348068966,,,"60375317012","60375317012","Block Group 2, Census Tract 5317.01, Los Angeles County, California","2281","807","1474",,I- 5,1.303866790682526,34.000000000000000,2281.000
"4051","060375316041","5316041","531604",0.070700000000000,BG 1,"20802","99037",East Los Angeles,Unincorporated,LA County - East Los Angeles,1971288.006835937500000,6358.802061142122511,,,"60375316041","60375316041",1734.567,"Block Group 1, Census Tract 5316.04, Los Angeles County, California","1847","594","1253",,"4051","5316041","531604",0.070700000000000,BG 1,"20802","99037",East Los Angeles,Unincorporated,LA County - East Los Angeles,1971288.006835937500000,6358.802061142122511,,,"60375316041","60375316041","Block Group 1, Census Tract 5316.04, Los Angeles County, California","1847","594","1253",,Long Beach Fwy,0.939126937098290,10.000000000000000,1839.194
"4052","060375317011","5317011","531701",0.124400000000000,BG 1,"20802","99037",East Los Angeles,Unincorporated,LA County - East Los Angeles,3469165.312500000000000,9838.680179377783134,,,"60375317011","60375317011",3615.945,"Block Group 1, Census Tract 5317.01, Los Angeles County, California","2826","973","1853",,"4052","5317011","531701",0.124400000000000,BG 1,"20802","99037",East Los Angeles,Unincorporated,LA County - East Los Angeles,3469165.312500000000000,9838.680179377783134,,,"60375317011","60375317011","Block Group 1, Census Tract 5317.01, Los Angeles County, California","2826","973","1853",,Pomona Fwy,1.279527623803666,32.000000000000000,2826.000
"4053","060375316032","5316032","531603",0.097200000000000,BG 2,"20802","99037",East Los Angeles,Unincorporated,LA County - East Los Angeles,2709314.064453125000000,6910.634664123482253,,,"60375316032","60375316032",2083.690,"Block Group 2, Census Tract 5316.03, Los Angeles County, California","2357","825","1532",,"4053","5316032","531603",0.097200000000000,BG 2,"20802","99037",East Los Angeles,Unincorporated,LA County - East Los Angeles,2709314.064453125000000,6910.634664123482253,,,"60375316032","60375316032","Block Group 2, Census Tract 5316.03, Los Angeles County, California","2357","825","1532",,State Rte 60,0.884043260215701,18.000000000000000,2413.432
"4054","060375316031","5316031","531603",0.070400000000000,BG 1,"20802","99037",East Los Angeles,Unincorporated,LA County - East Los Angeles,1962818.199218750000000,7044.074524253960590,,,"60375316031","60375316031",492.943,"Block Group 1, Census Tract 5316.03, Los Angeles County, California","845","280","565",,"4054","5316031","531603",0.070400000000000,BG 1,"20802","99037",East Los Angeles,Unincorporated,LA County - East Los Angeles,1962818.199218750000000,7044.074524253960590,,,"60375316031","60375316031","Block Group 1, Census Tract 5316.03, Los Angeles County, California","845","280","565",,State Rte 60,0.583364254995445,12.000000000000000,851.478
"4055","060375318002","5318002","531800",0.092000000000000,BG 2,"20802","99037",East Los Angeles,Unincorporated,LA County - East Los Angeles,2564366.534179687500000,6306.415347682201173,,,"60375318002","60375318002",2912.049,"Block Group 2, Census Tract 5318, Los Angeles County, California","1893","655","1238",,"4055","5318002","531800",0.092000000000000,BG 2,"20802","99037",East Los Angeles,Unincorporated,LA County - East Los Angeles,2564366.534179687500000,6306.415347682201173,,,"60375318002","60375318002","Block Group 2, Census Tract 5318, Los Angeles County, California","1893","655","1238",,State Rte 60,1.538324793735358,16.000000000000000,1927.696
"4057","060375315024","5315024","531502",0.030100000000000,BG 4,"20802","99037",East Los Angeles,Unincorporated,LA County - East Los Angeles,838555.754882812500000,3684.863073469060964,,,"60375315024","60375315024",294.115,"Block Group 4, Census Tract 5315.02, Los Angeles County, California","820","342","478",,"4057","5315024","531502",0.030100000000000,BG 4,"20802","99037",East Los Angeles,Unincorporated,LA County - East Los Angeles,838555.754882812500000,3684.863073469060964,,,"60375315024","60375315024","Block Group 4, Census Tract 5315.02, Los Angeles County, California","820","342","478",,I- 710,0.358677120336987,16.000000000000000,820.000
"4058","060375316021","5316021","531602",0.050700000000000,BG 1,"20802","99037",East Los Angeles,Unincorporated,LA County - East Los Angeles,1412167.665039062500000,5382.074216509768121,,,"60375316021","60375316021",850.563,"Block Group 1, Census Tract 5316.02, Los Angeles County, California","1199","392","807",,"4058","5316021","531602",0.050700000000000,BG 1,"20802","99037",East Los Angeles,Unincorporated,LA County - East Los Angeles,1412167.665039062500000,5382.074216509768121,,,"60375316021","60375316021","Block Group 1, Census Tract 5316.02, Los Angeles County, California","1199","392","807",,I- 5,0.709393846438954,14.000000000000000,1223.073
"4059","060375313025","5313025","531302",0.059200000000000,BG 5,"20802","99037",East Los Angeles,Unincorporated,LA County - East Los Angeles,1650535.225585937500000,5194.856074284462011,,,"60375313025","60375313025",268.072,"Block Group 5, Census Tract 5313.02, Los Angeles County, California","891","331","560",,"4059","5313025","531302",0.059200000000000,BG 5,"20802","99037",East Los Angeles,Unincorporated,LA County - East Los Angeles,1650535.225585937500000,5194.856074284462011,,,"60375313025","60375313025","Block Group 5, Census Tract 5313.02, Los Angeles County, California","891","331","560",,Santa Ana Fwy,0.300866682745655,10.000000000000000,892.450
"4061","060375313024","5313024","531302",0.058500000000000,BG 4,"20802","99037",East Los Angeles,Unincorporated,LA County - East Los Angeles,1630799.682617187500000,5881.750347080272149,,,"60375313024","60375313024",456.688,"Block Group 4, Census Tract 5313.02, Los Angeles County, California","1444","547","897",,"4061","5313024","531302",0.058500000000000,BG 4,"20802","99037",East Los Angeles,Unincorporated,LA County - East Los Angeles,1630799.682617187500000,5881.750347080272149,,,"60375313024","60375313024","Block Group 4, Census Tract 5313.02, Los Angeles County, California","1444","547","897",,I- 5,0.316266219719389,12.000000000000000,1460.919
"4062","060375313012","5313012","531301",0.069600000000000,BG 2,"20802","99037",East Los Angeles,Unincorporated,LA County - East Los Angeles,1939005.406250000000000,10414.563306891775937,,,"60375313012","60375313012",203.357,"Block Group 2, Census Tract 5313.01, Los Angeles County, California","1027","377","650",,"4062","5313012","531301",0.069600000000000,BG 2,"20802","99037",East Los Angeles,Unincorporated,LA County - East Los Angeles,1939005.406250000000000,10414.563306891775937,,,"60375313012","60375313012","Block Group 2, Census Tract 5313.01, Los Angeles County, California","1027","377","650",,I- 5,0.198011170126449,16.000000000000000,1050.061
"4063","060375312022","5312022","531202",0.102600000000000,BG 2,"20802","99037",East Los Angeles,Unincorporated,LA County - East Los Angeles,2859660.247070312500000,7614.984772244894884,,,"60375312022","60375312022",1586.595,"Block Group 2, Census Tract 5312.02, Los Angeles County, California","2499","884","1615",,"4063","5312022","531202",0.102600000000000,BG 2,"20802","99037",East Los Angeles,Unincorporated,LA County - East Los Angeles,2859660.247070312500000,7614.984772244894884,,,"60375312022","60375312022","Block Group 2, Census Tract 5312.02, Los Angeles County, California","2499","884","1615",,Pomona Fwy,0.634891851575284,14.000000000000000,2515.974
"4213","060375308022","5308022","530802",0.097400000000000,BG 2,"20802","99037",East Los Angeles,Unincorporated,LA County - East Los Angeles,2714736.521484375000000,11758.048543016393523,,,"60375308022","60375308022",526.346,"Block Group 2, Census Tract 5308.02, Los Angeles County, California","1383","421","962",,"4213","5308022","530802",0.097400000000000,BG 2,"20802","99037",East Los Angeles,Unincorporated,LA County - East Los Angeles,2714736.521484375000000,11758.048543016393523,,,"60375308022","60375308022","Block Group 2, Census Tract 5308.02, Los Angeles County, California","1383","421","962",,I- 10,0.380582585800040,34.000000000000000,1383.000
"4245","060375312011","5312011","531201",0.120000000000000,BG 1,"20802","99037",East Los Angeles,Unincorporated,LA County - East Los Angeles,3344827.196289062500000,10327.577573768849106,,,"60375312011","60375312011",446.565,"Block Group 1, Census Tract 5312.01, Los Angeles County, California","2478","867","1611",,"4245","5312011","531201",0.120000000000000,BG 1,"20802","99037",East Los Angeles,Unincorporated,LA County - East Los Angeles,3344827.196289062500000,10327.577573768849106,,,"60375312011","60375312011","Block Group 1, Census Tract 5312.01, Los Angeles County, California","2478","867","1611",,State Rte 60,0.180211996215697,12.000000000000000,2444.801
"4246","060375311021","5311021","531102",0.119200000000000,BG 1,"20802","99037",East Los Angeles,Unincorporated,LA County - East Los Angeles,3322624.377929687500000,7436.119088919453134,,,"60375311021","60375311021",1077.459,"Block Group 1, Census Tract 5311.02, Los Angeles County, California","2258","871","1387",,"4246","5311021","531102",0.119200000000000,BG 1,"20802","99037",East Los Angeles,Unincorporated,LA County - East Los Angeles,3322624.377929687500000,7436.119088919453134,,,"60375311021","60375311021","Block Group 1, Census Tract 5311.02, Los Angeles County, California","2258","871","1387",,Pomona Fwy,0.477174106516659,10.000000000000000,2183.742
"4247","060375311012","5311012","531101",0.064300000000000,BG 2,"20802","99037",East Los Angeles,Unincorporated,LA County - East Los Angeles,1793014.176757812500000,6243.120835525501207,,,"60375311012","60375311012",727.884,"Block Group 2, Census Tract 5311.01, Los Angeles County, California","1252","426","826",,"4247","5311012","531101",0.064300000000000,BG 2,"20802","99037",East Los Angeles,Unincorporated,LA County - East Los Angeles,1793014.176757812500000,6243.120835525501207,,,"60375311012","60375311012","Block Group 2, Census Tract 5311.01, Los Angeles County, California","1252","426","826",,Pomona Fwy,0.581377343430130,13.000000000000000,1269.443
"4248","060375311022","5311022","531102",0.073300000000000,BG 2,"20802","99037",East Los Angeles,Unincorporated,LA County - East Los Angeles,2042939.308593750000000,6129.460371592111187,,,"60375311022","60375311022",87.849,"Block Group 2, Census Tract 5311.02, Los Angeles County, California","861","299","562",,"4248","5311022","531102",0.073300000000000,BG 2,"20802","99037",East Los Angeles,Unincorporated,LA County - East Los Angeles,2042939.308593750000000,6129.460371592111187,,,"60375311022","60375311022","Block Group 2, Census Tract 5311.02, Los Angeles County, California","861","299","562",,State Rte 60,0.102031370129542,4.000000000000000,761.498
"4249","060375311013","5311013","531101",0.074400000000000,BG 3,"20802","99037",East Los Angeles,Unincorporated,LA County - East Los Angeles,2074770.282226562500000,6479.006473197280684,,,"60375311013","60375311013",1295.174,"Block Group 3, Census Tract 5311.01, Los Angeles County, California","1558","534","1024",,"4249","5311013","531101",0.074400000000000,BG 3,"20802","99037",East Los Angeles,Unincorporated,LA County - East Los Angeles,2074770.282226562500000,6479.006473197280684,,,"60375311013","60375311013","Block Group 3, Census Tract 5311.01, Los Angeles County, California","1558","534","1024",,Pomona Fwy,0.831305690954821,14.000000000000000,1581.445
"4250","060375311014","5311014","531101",0.077400000000000,BG 4,"20802","99037",East Los Angeles,Unincorporated,LA County - East Los Angeles,2157015.750000000000000,8048.774022231180425,,,"60375311014","60375311014",181.062,"Block Group 4, Census Tract 5311.01, Los Angeles County, California","906","327","579",,"4250","5311014","531101",0.077400000000000,BG 4,"20802","99037",East Los Angeles,Unincorporated,LA County - East Los Angeles,2157015.750000000000000,8048.774022231180425,,,"60375311014","60375311014","Block Group 4, Census Tract 5311.01, Los Angeles County, California","906","327","579",,Pomona Fwy,0.199847172585044,26.000000000000000,906.000
"4251","060375309012","5309012","530901",0.062800000000000,BG 2,"20802","99037",East Los Angeles,Unincorporated,LA County - East Los Angeles,1750366.116210937500000,5897.727872036253757,,,"60375309012","60375309012",1761.636,"Block Group 2, Census Tract 5309.01, Los Angeles County, California","1446","560","886",,"4251","5309012","530901",0.062800000000000,BG 2,"20802","99037",East Los Angeles,Unincorporated,LA County - East Los Angeles,1750366.116210937500000,5897.727872036253757,,,"60375309012","60375309012","Block Group 2, Census Tract 5309.01, Los Angeles County, California","1446","560","886",,I- 10,1.218281990943042,16.000000000000000,1479.836
"4252","060375310001","5310001","531000",0.100000000000000,BG 1,"20802","99037",East Los Angeles,Unincorporated,LA County - East Los Angeles,2787328.520507812500000,7221.015676719944167,,,"60375310001","60375310001",907.980,"Block Group 1, Census Tract 5310, Los Angeles County, California","1756","630","1126",,"4252","5310001","531000",0.100000000000000,BG 1,"20802","99037",East Los Angeles,Unincorporated,LA County - East Los Angeles,2787328.520507812500000,7221.015676719944167,,,"60375310001","60375310001","Block Group 1, Census Tract 5310, Los Angeles County, California","1756","630","1126",,Long Beach Fwy,0.517072640846650,26.000000000000000,1756.000
"4253","060375310003","5310003","531000",0.222400000000000,BG 3,"20802","99037",East Los Angeles,Unincorporated,LA County - East Los Angeles,6201050.377929687500000,15224.793961071933154,,,"60375310003","60375310003",709.009,"Block Group 3, Census Tract 5310, Los Angeles County, California","2337","768","1569",,"4253","5310003","531000",0.222400000000000,BG 3,"20802","99037",East Los Angeles,Unincorporated,LA County - East Los Angeles,6201050.377929687500000,15224.793961071933154,,,"60375310003","60375310003","Block Group 3, Census Tract 5310, Los Angeles County, California","2337","768","1569",,Long Beach Fwy,0.303384192324365,28.000000000000000,2426.904
"4254","060375310002","5310002","531000",0.063500000000000,BG 2,"20802","99037",East Los Angeles,Unincorporated,LA County - East Los Angeles,1769713.187500000000000,5783.913633216312519,,,"60375310002","60375310002",367.584,"Block Group 2, Census Tract 5310, Los Angeles County, California","921","327","594",,"4254","5310002","531000",0.063500000000000,BG 2,"20802","99037",East Los Angeles,Unincorporated,LA County - East Los Angeles,1769713.187500000000000,5783.913633216312519,,,"60375310002","60375310002","Block Group 2, Census Tract 5310, Los Angeles County, California","921","327","594",,Pomona Fwy,0.399114151090613,12.000000000000000,930.285
"4255","060375309013","5309013","530901",0.053600000000000,BG 3,"20802","99037",East Los Angeles,Unincorporated,LA County - East Los Angeles,1495307.740234375000000,6459.704426315835917,,,"60375309013","60375309013",1505.840,"Block Group 3, Census Tract 5309.01, Los Angeles County, California","1188","417","771",,"4255","5309013","530901",0.053600000000000,BG 3,"20802","99037",East Los Angeles,Unincorporated,LA County - East Los Angeles,1495307.740234375000000,6459.704426315835917,,,"60375309013","60375309013","Block Group 3, Census Tract 5309.01, Los Angeles County, California","1188","417","771",,I- 10,1.267541857572425,10.000000000000000,1193.084
"4256","060375309011","5309011","530901",0.055100000000000,BG 1,"20802","99037",East Los Angeles,Unincorporated,LA County - East Los Angeles,1534981.884765625000000,6524.829124926965960,,,"60375309011","60375309011",1165.949,"Block Group 1, Census Tract 5309.01, Los Angeles County, California","1049","366","683",,"4256","5309011","530901",0.055100000000000,BG 1,"20802","99037",East Los Angeles,Unincorporated,LA County - East Los Angeles,1534981.884765625000000,6524.829124926965960,,,"60375309011","60375309011","Block Group 1, Census Tract 5309.01, Los Angeles County, California","1049","366","683",,Pomona Fwy,1.111485761363286,12.000000000000000,1062.392
"4257","060375308011","5308011","530801",0.045400000000000,BG 1,"20802","99037",East Los Angeles,Unincorporated,LA County - East Los Angeles,1265931.330078125000000,4739.002152887241209,,,"60375308011","60375308011",1085.749,"Block Group 1, Census Tract 5308.01, Los Angeles County, California","1290","506","784",,"4257","5308011","530801",0.045400000000000,BG 1,"20802","99037",East Los Angeles,Unincorporated,LA County - East Los Angeles,1265931.330078125000000,4739.002152887241209,,,"60375308011","60375308011","Block Group 1, Census Tract 5308.01, Los Angeles County, California","1290","506","784",,I- 10,0.841666151138769,4.000000000000000,1212.301
"4507","060375316023","5316023","531602",0.074300000000000,BG 3,"20802","99037",East Los Angeles,Unincorporated,LA County - East Los Angeles,2071858.455078125000000,6374.937220769531450,,,"60375316023","60375316023",1176.038,"Block Group 3, Census Tract 5316.02, Los Angeles County, California","1740","610","1130",,"4507","5316023","531602",0.074300000000000,BG 3,"20802","99037",East Los Angeles,Unincorporated,LA County - East Los Angeles,2071858.455078125000000,6374.937220769531450,,,"60375316023","60375316023","Block Group 3, Census Tract 5316.02, Los Angeles County, California","1740","610","1130",,Santa Ana Fwy,0.675883716656872,14.000000000000000,1766.228
"4913","060375303021","5303021","530302",0.099900000000000,BG 1,"20802","99037",East Los Angeles,Unincorporated,LA County - East Los Angeles,2786086.679687500000000,7701.236765110845226,,,"60375303021","60375303021",428.278,"Block Group 1, Census Tract 5303.02, Los Angeles County, California","996","285","711",,"4913","5303021","530302",0.099900000000000,BG 1,"20802","99037",East Los Angeles,Unincorporated,LA County - East Los Angeles,2786086.679687500000000,7701.236765110845226,,,"60375303021","60375303021","Block Group 1, Census Tract 5303.02, Los Angeles County, California","996","285","711",,Pomona Fwy,0.429998350713327,39.000000000000000,996.000
"4915","060374820011","4820011","482001",0.893500000000000,BG 1,"48914","48914",Monterey Park,Monterey Park,City of Monterey Park,24910347.844726562500000,28769.635706912238675,,,"60374820011","60374820011",1100.235,"Block Group 1, Census Tract 4820.01, Los Angeles County, California","1730","338","1392",,"4915","4820011","482001",0.893500000000000,BG 1,"48914","48914",Monterey Park,Monterey Park,City of Monterey Park,24910347.844726562500000,28769.635706912238675,,,"60374820011","60374820011","Block Group 1, Census Tract 4820.01, Los Angeles County, California","1730","338","1392",,Long Beach Fwy,0.635973720050443,42.000000000000000,1770.784
"4940","060372039002","2039002","203900",0.058100000000000,BG 2,"44000","44000",Los Angeles,Los Angeles,LA City - Boyle Heights,1618473.226562500000000,6496.447108751094675,,,"60372039002","60372039002",187.789,"Block Group 2, Census Tract 2039, Los Angeles County, California","790","240","550",,"4940","2039002","203900",0.058100000000000,BG 2,"44000","44000",Los Angeles,Los Angeles,LA City - Boyle Heights,1618473.226562500000000,6496.447108751094675,,,"60372039002","60372039002","Block Group 2, Census Tract 2039, Los Angeles County, California","790","240","550",,Pomona Fwy,0.237708216402720,9.000000000000000,786.606
"5122","060375304001","5304001","530400",0.132600000000000,BG 1,"20802","99037",East Los Angeles,Unincorporated,LA County - East Los Angeles,3696570.007812500000000,8106.537779705307003,,,"60375304001","60375304001",632.743,"Block Group 1, Census Tract 5304, Los Angeles County, California","1429","561","868",,"5122","5304001","530400",0.132600000000000,BG 1,"20802","99037",East Los Angeles,Unincorporated,LA County - East Los Angeles,3696570.007812500000000,8106.537779705307003,,,"60375304001","60375304001","Block Group 1, Census Tract 5304, Los Angeles County, California","1429","561","868",,Pomona Fwy,0.442787277192175,16.000000000000000,1440.662
"5333","060375319022","5319022","531902",0.129000000000000,BG 2,"20802","99037",East Los Angeles,Unincorporated,LA County - East Los Angeles,3596647.375976562500000,8904.510662382306691,,,"60375319022","60375319022",1759.544,"Block Group 2, Census Tract 5319.02, Los Angeles County, California","1890","589","1301",,"5333","5319022","531902",0.129000000000000,BG 2,"20802","99037",East Los Angeles,Unincorporated,LA County - East Los Angeles,3596647.375976562500000,8904.510662382306691,,,"60375319022","60375319022","Block Group 2, Census Tract 5319.02, Los Angeles County, California","1890","589","1301",,W Whittier Blvd,0.930975573819032,44.000000000000000,1890.000
"5398","060375320011","5320011","532001",0.113700000000000,BG 1,"48816","48816",Montebello,Montebello,City of Montebello,3170190.085937500000000,8686.803129280309804,,,"60375320011","60375320011",313.622,"Block Group 1, Census Tract 5320.01, Los Angeles County, California","1535","481","1054",,"5398","5320011","532001",0.113700000000000,BG 1,"48816","48816",Montebello,Montebello,City of Montebello,3170190.085937500000000,8686.803129280309804,,,"60375320011","60375320011","Block Group 1, Census Tract 5320.01, Los Angeles County, California","1535","481","1054",,W Whittier Blvd,0.204313691551438,20.000000000000000,1577.134
"5531","060374820012","4820012","482001",0.244900000000000,BG 2,"48914","48914",Monterey Park,Monterey Park,City of Monterey Park,6828271.073242187500000,14151.011300276195470,,,"60374820012","60374820012",244.980,"Block Group 2, Census Tract 4820.01, Los Angeles County, California","686","112","574",,"5531","4820012","482001",0.244900000000000,BG 2,"48914","48914",Monterey Park,Monterey Park,City of Monterey Park,6828271.073242187500000,14151.011300276195470,,,"60374820012","60374820012","Block Group 2, Census Tract 4820.01, Los Angeles County, California","686","112","574",,I- 10,0.357114125751546,38.000000000000000,726.660
"5705","060374820022","4820022","482002",0.201200000000000,BG 2,"48914","48914",Monterey Park,Monterey Park,City of Monterey Park,5609817.905273437500000,17838.824826637664955,,,"60374820022","60374820022",1858.296,"Block Group 2, Census Tract 4820.02, Los Angeles County, California","2309","594","1715",,"5705","4820022","482002",0.201200000000000,BG 2,"48914","48914",Monterey Park,Monterey Park,City of Monterey Park,5609817.905273437500000,17838.824826637664955,,,"60374820022","60374820022","Block Group 2, Census Tract 4820.02, Los Angeles County, California","2309","594","1715",,Pomona Fwy,0.804805758875064,19.000000000000000,2323.416
"5712","060375303022","5303022","530302",0.087000000000000,BG 2,"20802","99037",East Los Angeles,Unincorporated,LA County - East Los Angeles,2426584.029296875000000,7536.526922244035632,,,"60375303022","60375303022",2182.656,"Block Group 2, Census Tract 5303.02, Los Angeles County, California","2380","813","1567",,"5712","5303022","530302",0.087000000000000,BG 2,"20802","99037",East Los Angeles,Unincorporated,LA County - East Los Angeles,2426584.029296875000000,7536.526922244035632,,,"60375303022","60375303022","Block Group 2, Census Tract 5303.02, Los Angeles County, California","2380","813","1567",,Pomona Fwy,0.917082527083829,24.000000000000000,2380.000
"5744","060375315023","5315023","531502",0.023000000000000,BG 3,"20802","99037",East Los Angeles,Unincorporated,LA County - East Los Angeles,640707.276367187500000,3254.979587172368610,,,"60375315023","60375315023",233.047,"Block Group 3, Census Tract 5315.02, Los Angeles County, California","623","244","379",,"5744","5315023","531502",0.023000000000000,BG 3,"20802","99037",East Los Angeles,Unincorporated,LA County - East Los Angeles,640707.276367187500000,3254.979587172368610,,,"60375315023","60375315023","Block Group 3, Census Tract 5315.02, Los Angeles County, California","623","244","379",,Long Beach Fwy,0.374071940819110,12.000000000000000,634.680
"6298","060375306012","5306012","530601",0.116700000000000,BG 2,"20802","99037",East Los Angeles,Unincorporated,LA County - East Los Angeles,3253271.787109375000000,10395.994392666862041,,,"60375306012","60375306012",813.918,"Block Group 2, Census Tract 5306.01, Los Angeles County, California","959","318","641",,"6298","5306012","530601",0.116700000000000,BG 2,"20802","99037",East Los Angeles,Unincorporated,LA County - East Los Angeles,3253271.787109375000000,10395.994392666862041,,,"60375306012","60375306012","Block Group 2, Census Tract 5306.01, Los Angeles County, California","959","318","641",,San Bernardino Fwy,0.848714920879337,30.000000000000000,959.000
"6299","060375308012","5308012","530801",0.053400000000000,BG 2,"20802","99037",East Los Angeles,Unincorporated,LA County - East Los Angeles,1489606.331054687500000,6323.716007946481113,,,"60375308012","60375308012",469.072,"Block Group 2, Census Tract 5308.01, Los Angeles County, California","1131","411","720",,"6299","5308012","530801",0.053400000000000,BG 2,"20802","99037",East Los Angeles,Unincorporated,LA County - East Los Angeles,1489606.331054687500000,6323.716007946481113,,,"60375308012","60375308012","Block Group 2, Census Tract 5308.01, Los Angeles County, California","1131","411","720",,I- 10,0.414740770210534,11.000000000000000,1141.434
"6300","060375308013","5308013","530801",0.126300000000000,BG 3,"20802","99037",East Los Angeles,Unincorporated,LA County - East Los Angeles,3520892.194335937500000,12515.246957455463416,,,"60375308013","60375308013",372.807,"Block Group 3, Census Tract 5308.01, Los Angeles County, California","1723","584","1139",,"6300","5308013","530801",0.126300000000000,BG 3,"20802","99037",East Los Angeles,Unincorporated,LA County - East Los Angeles,3520892.194335937500000,12515.246957455463416,,,"60375308013","60375308013","Block Group 3, Census Tract 5308.01, Los Angeles County, California","1723","584","1139",,I- 10,0.216370807376980,28.000000000000000,1798.363
"6315","060375308021","5308021","530802",0.121500000000000,BG 1,"20802","99037",East Los Angeles,Unincorporated,LA County - East Los Angeles,3386986.991210937500000,10093.655460319179838,,,"60375308021","60375308021",1122.300,"Block Group 1, Census Tract 5308.02, Los Angeles County, California","1794","630","1164",,"6315","5308021","530802",0.121500000000000,BG 1,"20802","99037",East Los Angeles,Unincorporated,LA County - East Los Angeles,3386986.991210937500000,10093.655460319179838,,,"60375308021","60375308021","Block Group 1, Census Tract 5308.02, Los Angeles County, California","1794","630","1164",,I- 10,0.625585333517041,14.000000000000000,1794.639
"6316","060375309021","5309021","530902",0.080500000000000,BG 1,"20802","99037",East Los Angeles,Unincorporated,LA County - East Los Angeles,2242915.756835937500000,7470.099147769145929,,,"60375309021","60375309021",1878.051,"Block Group 1, Census Tract 5309.02, Los Angeles County, California","1687","665","1022",,"6316","5309021","530902",0.080500000000000,BG 1,"20802","99037",East Los Angeles,Unincorporated,LA County - East Los Angeles,2242915.756835937500000,7470.099147769145929,,,"60375309021","60375309021","Block Group 1, Census Tract 5309.02, Los Angeles County, California","1687","665","1022",,I- 10,1.113249231271215,16.000000000000000,1721.784
"6317","060375306011","5306011","530601",0.103900000000000,BG 1,"20802","99037",East Los Angeles,Unincorporated,LA County - East Los Angeles,2895711.531250000000000,8899.027951432884947,,,"60375306011","60375306011",538.741,"Block Group 1, Census Tract 5306.01, Los Angeles County, California","2071","700","1371",,"6317","5306011","530601",0.103900000000000,BG 1,"20802","99037",East Los Angeles,Unincorporated,LA County - East Los Angeles,2895711.531250000000000,8899.027951432884947,,,"60375306011","60375306011","Block Group 1, Census Tract 5306.01, Los Angeles County, California","2071","700","1371",,I- 10,0.260135813368184,24.000000000000000,2148.232
"6318","060375306021","5306021","530602",0.256200000000000,BG 1,"20802","99037",East Los Angeles,Unincorporated,LA County - East Los Angeles,7142803.125976562500000,14385.087169361482665,,,"60375306021","60375306021",950.659,"Block Group 1, Census Tract 5306.02, Los Angeles County, California","1357","416","941",,"6318","5306021","530602",0.256200000000000,BG 1,"20802","99037",East Los Angeles,Unincorporated,LA County - East Los Angeles,7142803.125976562500000,14385.087169361482665,,,"60375306021","60375306021","Block Group 1, Census Tract 5306.02, Los Angeles County, California","1357","416","941",,I- 10,0.700559268413480,32.000000000000000,1420.071
"6319","060375311011","5311011","531101",0.054000000000000,BG 1,"20802","99037",East Los Angeles,Unincorporated,LA County - East Los Angeles,1506792.947265625000000,5554.055609196586374,,,"60375311011","60375311011",265.448,"Block Group 1, Census Tract 5311.01, Los Angeles County, California","839","307","532",,"6319","5311011","531101",0.054000000000000,BG 1,"20802","99037",East Los Angeles,Unincorporated,LA County - East Los Angeles,1506792.947265625000000,5554.055609196586374,,,"60375311011","60375311011","Block Group 1, Census Tract 5311.01, Los Angeles County, California","839","307","532",,State Rte 60,0.316386495630684,13.000000000000000,852.891
