X,Y,OBJECTID,GEOID10,CTBG10,CT10,AreaSqMil,LABEL,FIP10,FIP10RV,CDP_NAME,CITYNAME,COMMNAME,ShapeSTAre,ShapeSTLen,to_int_GEO,GEOID_int,to_int_g_1,geo_id_str,nat_prop,DECENNIALS,DECENNIA_1,DECENNIA_2,DECENNIA_3,DECENNIA_4,Hub distan,Hub dist_1,Hub dist_2,Hub dist_3,Hub dist_4,Hub dist_5,Hub dist_6,Hub dist_7,Hub dist_8,Hub dist_9,Hub dist10,Hub dist11,Hub dist12,Hub dist13,Hub dist14,Hub dist15,Hub dist16,Hub dist17,Hub dist18,Hub dist19,Hub dist20,Hub dist21,Hub dist22,NUMEXITS,PB
-13154655.0321683,4025864.91171524,"1504","060375338062","5338062","533806",0.0906000000,BG 2,"04870","04870",Bell,Bell,City of Bell,2526574.1494000000,8495.3139922000,,,"-2147483648","60375338062",332.8530000000,"Block Group 2, Census Tract 5338.06, Los Angeles County, California","868","277","591",,"1504","5338062","533806",0.0906000000,BG 2,"04870","04870",Bell,Bell,City of Bell,2526574.1494000000,8495.3139922000,,,"-2147483648","60375338062","Block Group 2, Census Tract 5338.06, Los Angeles County, California","868","277","591",,Long Beach Fwy,0.3834708127,4.0000000000,736.7150000000
-13152931.8874791,4026982.00336773,"5765","060375323042","5323042","532304",2.9453000000,BG 2,"14974","14974",Commerce,Commerce,City of Commerce,82111610.6529999971,50963.6996920000,,,"-2147483648","60375323042",706.6270000000,"Block Group 2, Census Tract 5323.04, Los Angeles County, California","597","190","407",,"5765","5323042","532304",2.9453000000,BG 2,"14974","14974",Commerce,Commerce,City of Commerce,82111610.6529999971,50963.6996920000,,,"-2147483648","60375323042","Block Group 2, Census Tract 5323.04, Los Angeles County, California","597","190","407",,Santa Ana Fwy,1.1836300853,36.0000000000,364.7120000000
-13155790.5074205,4026560.45725748,"4511","060375337022","5337022","533702",0.0415000000,BG 2,"46492","46492",Maywood,Maywood,City of Maywood,1156707.7069999999,4850.7537529000,,,"-2147483648","60375337022",1222.9140000000,"Block Group 2, Census Tract 5337.02, Los Angeles County, California","1135","398","737",,"4511","5337022","533702",0.0415000000,BG 2,"46492","46492",Maywood,Maywood,City of Maywood,1156707.7069999999,4850.7537529000,,,"-2147483648","60375337022","Block Group 2, Census Tract 5337.02, Los Angeles County, California","1135","398","737",,Long Beach Fwy,1.0774576818,14.0000000000,1159.1600000000
-13156163.6629147,4026612.18878775,"4516","060375337021","5337021","533702",0.0836000000,BG 1,"46492","46492",Maywood,Maywood,City of Maywood,2331828.1348000001,6152.9912821000,,,"-2147483648","60375337021",2690.8480000000,"Block Group 1, Census Tract 5337.02, Los Angeles County, California","2158","815","1343",,"4516","5337021","533702",0.0836000000,BG 1,"46492","46492",Maywood,Maywood,City of Maywood,2331828.1348000001,6152.9912821000,,,"-2147483648","60375337021","Block Group 1, Census Tract 5337.02, Los Angeles County, California","2158","815","1343",,Long Beach Fwy,1.2469176055,12.0000000000,2163.6490000000
-13154761.3316192,4026496.56127702,"4747","060375337032","5337032","533703",0.2406000000,BG 2,"46492","46492",Maywood,Maywood,City of Maywood,6706991.2559000002,13132.6645700000,,,"-2147483648","60375337032",368.7020000000,"Block Group 2, Census Tract 5337.03, Los Angeles County, California","2326","874","1452",,"4747","5337032","533703",0.2406000000,BG 2,"46492","46492",Maywood,Maywood,City of Maywood,6706991.2559000002,13132.6645700000,,,"-2147483648","60375337032","Block Group 2, Census Tract 5337.03, Los Angeles County, California","2326","874","1452",,I- 710,0.1585135247,12.0000000000,2144.8690000000
-13155468.4756983,4026780.87232342,"4973","060375337031","5337031","533703",0.0889000000,BG 1,"46492","46492",Maywood,Maywood,City of Maywood,2477174.2168000001,8667.9743097000,,,"-2147483648","60375337031",986.6950000000,"Block Group 1, Census Tract 5337.03, Los Angeles County, California","1511","542","969",,"4973","5337031","533703",0.0889000000,BG 1,"46492","46492",Maywood,Maywood,City of Maywood,2477174.2168000001,8667.9743097000,,,"-2147483648","60375337031","Block Group 1, Census Tract 5337.03, Los Angeles County, California","1511","542","969",,Long Beach Fwy,0.6530077544,22.0000000000,1562.5720000000
-13158106.3701876,4026731.0862337,"4975","060375335012","5335012","533501",0.0901000000,BG 2,"36056","36056",Huntington Park,Huntington Park,City of Huntington Park,2511748.3555000001,8734.4514664000,,,"-2147483648","60375335012",2829.6180000000,"Block Group 2, Census Tract 5335.01, Los Angeles County, California","1171","366","805",,"4975","5335012","533501",0.0901000000,BG 2,"36056","36056",Huntington Park,Huntington Park,City of Huntington Park,2511748.3555000001,8734.4514664000,,,"-2147483648","60375335012","Block Group 2, Census Tract 5335.01, Los Angeles County, California","1171","366","805",,Long Beach Fwy,2.4164114579,8.0000000000,1126.9900000000
-13156602.6163752,4026745.01802277,"6158","060375334032","5334032","533403",0.0790000000,BG 2,"46492","46492",Maywood,Maywood,City of Maywood,2201589.3213000000,6782.2312897000,,,"-2147483648","60375334032",1080.0360000000,"Block Group 2, Census Tract 5334.03, Los Angeles County, California","747","266","481",,"6158","5334032","533403",0.0790000000,BG 2,"46492","46492",Maywood,Maywood,City of Maywood,2201589.3213000000,6782.2312897000,,,"-2147483648","60375334032","Block Group 2, Census Tract 5334.03, Los Angeles County, California","747","266","481",,Long Beach Fwy,1.4458307366,13.0000000000,754.0950000000
-13158321.4540325,4027674.60365663,"1503","060375333001","5333001","533300",0.0603000000,BG 1,"46492","46492",Maywood,Maywood,City of Maywood,1681175.9502000001,8272.5456257000,,,"-2147483648","60375333001",2651.0250000000,"Block Group 1, Census Tract 5333, Los Angeles County, California","1109","435","674",,"1503","5333001","533300",0.0603000000,BG 1,"46492","46492",Maywood,Maywood,City of Maywood,1681175.9502000001,8272.5456257000,,,"-2147483648","60375333001","Block Group 1, Census Tract 5333, Los Angeles County, California","1109","435","674",,Long Beach Fwy,2.3904640098,20.0000000000,1109.0000000000
-13159285.2750163,4029108.08876178,"5190","060375324001","5324001","532400",4.9960000000,BG 1,"82422","82422",Vernon,Vernon,City of Vernon,139279799.5000000000,68982.7670360000,,,"-2147483648","60375324001",237.9850000000,"Block Group 1, Census Tract 5324, Los Angeles County, California","92","21","71",,"5190","5324001","532400",4.9960000000,BG 1,"82422","82422",Vernon,Vernon,City of Vernon,139279799.5000000000,68982.7670360000,,,"-2147483648","60375324001","Block Group 1, Census Tract 5324, Los Angeles County, California","92","21","71",,Santa Ana Fwy,2.5867928348,56.0000000000,61.3320000000
-13155966.8860811,4027574.70173775,"3168","060375337011","5337011","533701",0.0528000000,BG 1,"46492","46492",Maywood,Maywood,City of Maywood,1470808.4238000000,5470.5744709000,,,"-2147483648","60375337011",683.7430000000,"Block Group 1, Census Tract 5337.01, Los Angeles County, California","1223","454","769",,"3168","5337011","533701",0.0528000000,BG 1,"46492","46492",Maywood,Maywood,City of Maywood,1470808.4238000000,5470.5744709000,,,"-2147483648","60375337011","Block Group 1, Census Tract 5337.01, Los Angeles County, California","1223","454","769",,Long Beach Fwy,0.5590699637,12.0000000000,1239.4440000000
-13158160.2812664,4027966.37412895,"4745","060375333002","5333002","533300",0.0735000000,BG 2,"46492","46492",Maywood,Maywood,City of Maywood,2049912.2041000000,6137.4913885000,,,"-2147483648","60375333002",4650.0690000000,"Block Group 2, Census Tract 5333, Los Angeles County, California","2041","748","1293",,"4745","5333002","533300",0.0735000000,BG 2,"46492","46492",Maywood,Maywood,City of Maywood,2049912.2041000000,6137.4913885000,,,"-2147483648","60375333002","Block Group 2, Census Tract 5333, Los Angeles County, California","2041","748","1293",,I- 710,2.2783289295,8.0000000000,1991.8160000000
-13156492.6876611,4027517.08202736,"4746","060375334031","5334031","533403",0.1038000000,BG 1,"46492","46492",Maywood,Maywood,City of Maywood,2892715.2196999998,8344.0829076000,,,"-2147483648","60375334031",1783.5960000000,"Block Group 1, Census Tract 5334.03, Los Angeles County, California","1789","576","1213",,"4746","5334031","533403",0.1038000000,BG 1,"46492","46492",Maywood,Maywood,City of Maywood,2892715.2196999998,8344.0829076000,,,"-2147483648","60375334031","Block Group 1, Census Tract 5334.03, Los Angeles County, California","1789","576","1213",,Long Beach Fwy,0.9969792899,12.0000000000,1778.3470000000
-13157285.8179845,4028003.16438587,"4749","060375334011","5334011","533401",0.0999000000,BG 1,"46492","46492",Maywood,Maywood,City of Maywood,2783952.3056999999,9351.6633097000,,,"-2147483648","60375334011",3923.8020000000,"Block Group 1, Census Tract 5334.01, Los Angeles County, California","2414","817","1597",,"4749","5334011","533401",0.0999000000,BG 1,"46492","46492",Maywood,Maywood,City of Maywood,2783952.3056999999,9351.6633097000,,,"-2147483648","60375334011","Block Group 1, Census Tract 5334.01, Los Angeles County, California","2414","817","1597",,I- 710,1.6254358577,22.0000000000,2495.1300000000
-13156651.5478219,4027897.1749603,"5970","060375334012","5334012","533401",0.0355000000,BG 2,"46492","46492",Maywood,Maywood,City of Maywood,989955.9687500000,5664.6776434000,,,"-2147483648","60375334012",901.2970000000,"Block Group 2, Census Tract 5334.01, Los Angeles County, California","824","275","549",,"5970","5334012","533401",0.0355000000,BG 2,"46492","46492",Maywood,Maywood,City of Maywood,989955.9687500000,5664.6776434000,,,"-2147483648","60375334012","Block Group 2, Census Tract 5334.01, Los Angeles County, California","824","275","549",,Long Beach Fwy,1.0938068092,10.0000000000,833.5610000000
-13157673.5723808,4027472.89600824,"4517","060375334021","5334021","533402",0.1119000000,BG 1,"46492","46492",Maywood,Maywood,City of Maywood,3119297.1113000000,7115.7076253000,,,"-2147483648","60375334021",4462.8040000000,"Block Group 1, Census Tract 5334.02, Los Angeles County, California","2269","795","1474",,"4517","5334021","533402",0.1119000000,BG 1,"46492","46492",Maywood,Maywood,City of Maywood,3119297.1113000000,7115.7076253000,,,"-2147483648","60375334021","Block Group 1, Census Tract 5334.02, Los Angeles County, California","2269","795","1474",,I- 710,1.9668592530,12.0000000000,2247.1690000000
-13157934.317522,4026996.91412449,"4976","060375335011","5335011","533501",0.0729000000,BG 1,"36056","36056",Huntington Park,Huntington Park,City of Huntington Park,2033320.2197000000,5844.4124994000,,,"-2147483648","60375335011",3724.7100000000,"Block Group 1, Census Tract 5335.01, Los Angeles County, California","1628","575","1053",,"4976","5335011","533501",0.0729000000,BG 1,"36056","36056",Huntington Park,Huntington Park,City of Huntington Park,2033320.2197000000,5844.4124994000,,,"-2147483648","60375335011","Block Group 1, Census Tract 5335.01, Los Angeles County, California","1628","575","1053",,Long Beach Fwy,2.2879055643,12.0000000000,1638.9890000000
-13156958.7174612,4026865.19140909,"4979","060375335031","5335031","533503",0.0401000000,BG 1,"36056","36056",Huntington Park,Huntington Park,City of Huntington Park,1117705.5137000000,4386.3040909000,,,"-2147483648","60375335031",2054.6420000000,"Block Group 1, Census Tract 5335.03, Los Angeles County, California","1278","447","831",,"4979","5335031","533503",0.0401000000,BG 1,"36056","36056",Huntington Park,Huntington Park,City of Huntington Park,1117705.5137000000,4386.3040909000,,,"-2147483648","60375335031","Block Group 1, Census Tract 5335.03, Los Angeles County, California","1278","447","831",,I- 710,1.6077009142,9.0000000000,1285.0380000000
-13157066.5866556,4027399.34628321,"5782","060375334022","5334022","533402",0.0756000000,BG 2,"46492","46492",Maywood,Maywood,City of Maywood,2108012.2881000000,5824.3189390000,,,"-2147483648","60375334022",2067.8860000000,"Block Group 2, Census Tract 5334.02, Los Angeles County, California","1375","433","942",,"5782","5334022","533402",0.0756000000,BG 2,"46492","46492",Maywood,Maywood,City of Maywood,2108012.2881000000,5824.3189390000,,,"-2147483648","60375334022","Block Group 2, Census Tract 5334.02, Los Angeles County, California","1375","433","942",,I- 710,1.5039173375,12.0000000000,1382.8910000000
-13155971.5116003,4027165.41873411,"5785","060375337012","5337012","533701",0.1019000000,BG 2,"46492","46492",Maywood,Maywood,City of Maywood,2839855.8651999999,6856.9073599000,,,"-2147483648","60375337012",1828.1900000000,"Block Group 2, Census Tract 5337.01, Los Angeles County, California","2267","876","1391",,"5785","5337012","533701",0.1019000000,BG 2,"46492","46492",Maywood,Maywood,City of Maywood,2839855.8651999999,6856.9073599000,,,"-2147483648","60375337012","Block Group 2, Census Tract 5337.01, Los Angeles County, California","2267","876","1391",,Long Beach Fwy,0.8064357572,24.0000000000,2351.6640000000
-13157620.1403775,4027885.62070746,"6135","060375334013","5334013","533401",0.0482000000,BG 3,"46492","46492",Maywood,Maywood,City of Maywood,1342375.3467000001,5314.9479891000,,,"-2147483648","60375334013",2410.1620000000,"Block Group 3, Census Tract 5334.01, Los Angeles County, California","1298","439","859",,"6135","5334013","533401",0.0482000000,BG 3,"46492","46492",Maywood,Maywood,City of Maywood,1342375.3467000001,5314.9479891000,,,"-2147483648","60375334013","Block Group 3, Census Tract 5334.01, Los Angeles County, California","1298","439","859",,Long Beach Fwy,1.8568273218,14.0000000000,1324.5540000000
-13157375.0621299,4026927.87098844,"6156","060375335021","5335021","533502",0.0556000000,BG 1,"36056","36056",Huntington Park,Huntington Park,City of Huntington Park,1549945.2549000001,4983.4083093000,,,"-2147483648","60375335021",2492.0960000000,"Block Group 1, Census Tract 5335.02, Los Angeles County, California","1315","458","857",,"6156","5335021","533502",0.0556000000,BG 1,"36056","36056",Huntington Park,Huntington Park,City of Huntington Park,1549945.2549000001,4983.4083093000,,,"-2147483648","60375335021","Block Group 1, Census Tract 5335.02, Los Angeles County, California","1315","458","857",,I- 710,1.8951301380,6.0000000000,1270.6610000000
-13155693.2945258,4030091.51325518,"5184","060375323022","5323022","532302",0.8274000000,BG 2,"14974","14974",Commerce,Commerce,City of Commerce,23066520.0439999998,28740.4761920000,,,"-2147483648","60375323022",338.3960000000,"Block Group 2, Census Tract 5323.02, Los Angeles County, California","1074","349","725",,"5184","5323022","532302",0.8274000000,BG 2,"14974","14974",Commerce,Commerce,City of Commerce,23066520.0439999998,28740.4761920000,,,"-2147483648","60375323022","Block Group 2, Census Tract 5323.02, Los Angeles County, California","1074","349","725",,I- 710,0.3150800275,28.0000000000,1000.8650000000
-13155590.4521715,4031179.46657922,"2499","060375313021","5313021","531302",0.0481000000,BG 1,"20802","99037",East Los Angeles,Unincorporated,LA County - East Los Angeles,1340533.0508000001,4802.4291761000,,,"-2147483648","60375313021",114.7250000000,"Block Group 1, Census Tract 5313.02, Los Angeles County, California","890","315","575",,"2499","5313021","531302",0.0481000000,BG 1,"20802","99037",East Los Angeles,Unincorporated,LA County - East Los Angeles,1340533.0508000001,4802.4291761000,,,"-2147483648","60375313021","Block Group 1, Census Tract 5313.02, Los Angeles County, California","890","315","575",,I- 5,0.1289048429,10.0000000000,895.9890000000
-13154728.7053301,4031147.80617125,"2500","060375315021","5315021","531502",0.0548000000,BG 1,"20802","99037",East Los Angeles,Unincorporated,LA County - East Los Angeles,1527478.0654000000,5184.7614850000,,,"-2147483648","60375315021",135.5840000000,"Block Group 1, Census Tract 5315.02, Los Angeles County, California","884","303","581",,"2500","5315021","531502",0.0548000000,BG 1,"20802","99037",East Los Angeles,Unincorporated,LA County - East Los Angeles,1527478.0654000000,5184.7614850000,,,"-2147483648","60375315021","Block Group 1, Census Tract 5315.02, Los Angeles County, California","884","303","581",,I- 5,0.1533760882,20.0000000000,884.0000000000
-13151855.0735763,4030837.96866204,"2505","060375319011","5319011","531901",0.0703000000,BG 1,"20802","99037",East Los Angeles,Unincorporated,LA County - East Los Angeles,1960207.4043000001,10120.2890860000,,,"-2147483648","60375319011",2051.0170000000,"Block Group 1, Census Tract 5319.01, Los Angeles County, California","1534","552","982",,"2505","5319011","531901",0.0703000000,BG 1,"20802","99037",East Los Angeles,Unincorporated,LA County - East Los Angeles,1960207.4043000001,10120.2890860000,,,"-2147483648","60375319011","Block Group 1, Census Tract 5319.01, Los Angeles County, California","1534","552","982",,Santa Ana Fwy,1.3370382334,24.0000000000,1534.0000000000
-13151579.8107582,4030174.32296638,"3117","060375319014","5319014","531901",0.0619000000,BG 4,"20802","99037",East Los Angeles,Unincorporated,LA County - East Los Angeles,1724290.3428000000,7167.5546381000,,,"-2147483648","60375319014",1246.9680000000,"Block Group 4, Census Tract 5319.01, Los Angeles County, California","1060","317","743",,"3117","5319014","531901",0.0619000000,BG 4,"20802","99037",East Los Angeles,Unincorporated,LA County - East Los Angeles,1724290.3428000000,7167.5546381000,,,"-2147483648","60375319014","Block Group 4, Census Tract 5319.01, Los Angeles County, California","1060","317","743",,Santa Ana Fwy,1.1763850275,20.0000000000,1060.0000000000
-13150485.0520538,4030043.16639512,"3340","060375319023","5319023","531902",0.0613000000,BG 3,"20802","99037",East Los Angeles,Unincorporated,LA County - East Los Angeles,1707946.6503999999,7592.1857947000,,,"-2147483648","60375319023",906.9790000000,"Block Group 3, Census Tract 5319.02, Los Angeles County, California","871","251","620",,"3340","5319023","531902",0.0613000000,BG 3,"20802","99037",East Los Angeles,Unincorporated,LA County - East Los Angeles,1707946.6503999999,7592.1857947000,,,"-2147483648","60375319023","Block Group 3, Census Tract 5319.02, Los Angeles County, California","871","251","620",,State Rte 72,1.0413081912,22.0000000000,871.0000000000
-13153346.2386382,4030625.89165303,"3872","060375317022","5317022","531702",0.0525000000,BG 2,"20802","99037",East Los Angeles,Unincorporated,LA County - East Los Angeles,1464569.3770000001,5707.2320105000,,,"-2147483648","60375317022",240.3340000000,"Block Group 2, Census Tract 5317.02, Los Angeles County, California","674","238","436",,"3872","5317022","531702",0.0525000000,BG 2,"20802","99037",East Los Angeles,Unincorporated,LA County - East Los Angeles,1464569.3770000001,5707.2320105000,,,"-2147483648","60375317022","Block Group 2, Census Tract 5317.02, Los Angeles County, California","674","238","436",,I- 5,0.3565783498,26.0000000000,674.0000000000
-13153094.5421296,4031236.05049773,"3875","060375317021","5317021","531702",0.0536000000,BG 1,"20802","99037",East Los Angeles,Unincorporated,LA County - East Los Angeles,1495616.9297000000,5033.7578538000,,,"-2147483648","60375317021",605.9750000000,"Block Group 1, Census Tract 5317.02, Los Angeles County, California","688","213","475",,"3875","5317021","531702",0.0536000000,BG 1,"20802","99037",East Los Angeles,Unincorporated,LA County - East Los Angeles,1495616.9297000000,5033.7578538000,,,"-2147483648","60375317021","Block Group 1, Census Tract 5317.02, Los Angeles County, California","688","213","475",,I- 5,0.8807779959,16.0000000000,704.7730000000
-13153851.3536341,4030763.28758225,"4048","060375317023","5317023","531702",0.0827000000,BG 3,"20802","99037",East Los Angeles,Unincorporated,LA County - East Los Angeles,2305141.2440999998,7246.3258043000,,,"-2147483648","60375317023",347.0900000000,"Block Group 3, Census Tract 5317.02, Los Angeles County, California","1598","551","1047",,"4048","5317023","531702",0.0827000000,BG 3,"20802","99037",East Los Angeles,Unincorporated,LA County - East Los Angeles,2305141.2440999998,7246.3258043000,,,"-2147483648","60375317023","Block Group 3, Census Tract 5317.02, Los Angeles County, California","1598","551","1047",,Santa Ana Fwy,0.2172030651,17.0000000000,1635.1490000000
-13155419.0741281,4031676.343251,"4060","060375313011","5313011","531301",0.1407000000,BG 1,"20802","99037",East Los Angeles,Unincorporated,LA County - East Los Angeles,3923442.9805000001,8428.2704712000,,,"-2147483648","60375313011",273.1200000000,"Block Group 1, Census Tract 5313.01, Los Angeles County, California","1345","490","855",,"4060","5313011","531301",0.1407000000,BG 1,"20802","99037",East Los Angeles,Unincorporated,LA County - East Los Angeles,3923442.9805000001,8428.2704712000,,,"-2147483648","60375313011","Block Group 1, Census Tract 5313.01, Los Angeles County, California","1345","490","855",,Santa Ana Fwy,0.2030632930,20.0000000000,1376.5070000000
-13155575.6839462,4030697.23615571,"4064","060375313023","5313023","531302",0.1053000000,BG 3,"20802","99037",East Los Angeles,Unincorporated,LA County - East Los Angeles,2935104.9413999999,6848.3038767000,,,"-2147483648","60375313023",963.7850000000,"Block Group 3, Census Tract 5313.02, Los Angeles County, California","2109","782","1327",,"4064","5313023","531302",0.1053000000,BG 3,"20802","99037",East Los Angeles,Unincorporated,LA County - East Los Angeles,2935104.9413999999,6848.3038767000,,,"-2147483648","60375313023","Block Group 3, Census Tract 5313.02, Los Angeles County, California","2109","782","1327",,Santa Ana Fwy,0.4569868811,11.0000000000,2078.2040000000
-13154285.1528875,4030981.45970857,"4691","060375316022","5316022","531602",0.0481000000,BG 2,"20802","99037",East Los Angeles,Unincorporated,LA County - East Los Angeles,1341613.1719000000,4700.9872179000,,,"-2147483648","60375316022",202.1550000000,"Block Group 2, Census Tract 5316.02, Los Angeles County, California","994","338","656",,"4691","5316022","531602",0.0481000000,BG 2,"20802","99037",East Los Angeles,Unincorporated,LA County - East Los Angeles,1341613.1719000000,4700.9872179000,,,"-2147483648","60375316022","Block Group 2, Census Tract 5316.02, Los Angeles County, California","994","338","656",,I- 5,0.2033748902,6.0000000000,968.8150000000
-13149505.6383642,4029406.19896454,"5192","060375320012","5320012","532001",0.4088000000,BG 2,"48816","48816",Montebello,Montebello,City of Montebello,11397695.5219999999,14721.3862640000,,,"-2147483648","60375320012",1438.2510000000,"Block Group 2, Census Tract 5320.01, Los Angeles County, California","1422","416","1006",,"5192","5320012","532001",0.4088000000,BG 2,"48816","48816",Montebello,Montebello,City of Montebello,11397695.5219999999,14721.3862640000,,,"-2147483648","60375320012","Block Group 2, Census Tract 5320.01, Los Angeles County, California","1422","416","1006",,W Whittier Blvd,1.0114282210,22.0000000000,1385.0640000000
-13151420.9968275,4029135.65883151,"5713","060375323033","5323033","532303",2.0206000000,BG 3,"14974","14974",Commerce,Commerce,City of Commerce,56331460.2800000012,39531.3175730000,,,"-2147483648","60375323033",544.2750000000,"Block Group 3, Census Tract 5323.03, Los Angeles County, California","826","275","551",,"5713","5323033","532303",2.0206000000,BG 3,"14974","14974",Commerce,Commerce,City of Commerce,56331460.2800000012,39531.3175730000,,,"-2147483648","60375323033","Block Group 3, Census Tract 5323.03, Los Angeles County, California","826","275","551",,I- 5,0.6589280015,51.0000000000,792.2770000000
-13151471.9638947,4032834.46156613,"2372","060375302021","5302021","530202",0.1243000000,BG 1,"48816","48816",Montebello,Montebello,City of Montebello,3464689.9950999999,9229.6583337000,,,"-2147483648","60375302021",457.2060000000,"Block Group 1, Census Tract 5302.02, Los Angeles County, California","1091","285","806",,"2372","5302021","530202",0.1243000000,BG 1,"48816","48816",Montebello,Montebello,City of Montebello,3464689.9950999999,9229.6583337000,,,"-2147483648","60375302021","Block Group 1, Census Tract 5302.02, Los Angeles County, California","1091","285","806",,Pomona Fwy,0.4190707560,10.0000000000,1051.5500000000
-13152775.4407916,4033953.72173186,"739","060375304002","5304002","530400",0.4629000000,BG 2,"48914","48914",Monterey Park,Monterey Park,City of Monterey Park,12904703.2469999995,18728.6552190000,,,"-2147483648","60375304002",463.3600000000,"Block Group 2, Census Tract 5304, Los Angeles County, California","1757","450","1307",,"739","5304002","530400",0.4629000000,BG 2,"48914","48914",Monterey Park,Monterey Park,City of Monterey Park,12904703.2469999995,18728.6552190000,,,"-2147483648","60375304002","Block Group 2, Census Tract 5304, Los Angeles County, California","1757","450","1307",,State Rte 60,0.2637221393,22.0000000000,1686.1630000000
-13155446.3085688,4037633.22893628,"128","060372017002","2017002","201700",0.1828000000,BG 2,"44000","44000",Los Angeles,Los Angeles,LA City - El Sereno,5095897.3739999998,14849.1670880000,,,"-2147483648","60372017002",1153.9020000000,"Block Group 2, Census Tract 2017, Los Angeles County, California","1516","507","1009",,"128","2017002","201700",0.1828000000,BG 2,"44000","44000",Los Angeles,Los Angeles,LA City - El Sereno,5095897.3739999998,14849.1670880000,,,"-2147483648","60372017002","Block Group 2, Census Tract 2017, Los Angeles County, California","1516","507","1009",,I- 10,0.7611489939,19.0000000000,1532.1870000000
-13154107.6290432,4033470.37367951,"589","060375305003","5305003","530500",0.0836000000,BG 3,"20802","99037",East Los Angeles,Unincorporated,LA County - East Los Angeles,2331838.8242000001,6453.0049372000,,,"-2147483648","60375305003",140.7670000000,"Block Group 3, Census Tract 5305, Los Angeles County, California","925","273","652",,"589","5305003","530500",0.0836000000,BG 3,"20802","99037",East Los Angeles,Unincorporated,LA County - East Los Angeles,2331838.8242000001,6453.0049372000,,,"-2147483648","60375305003","Block Group 3, Census Tract 5305, Los Angeles County, California","925","273","652",,State Rte 60,0.1521805293,16.0000000000,943.5320000000
-13150996.3778781,4031778.58264281,"1032","060375302023","5302023","530202",0.1973000000,BG 3,"48816","48816",Montebello,Montebello,City of Montebello,5500100.7598000001,14318.2521270000,,,"-2147483648","60375302023",1417.0980000000,"Block Group 3, Census Tract 5302.02, Los Angeles County, California","1116","323","793",,"1032","5302023","530202",0.1973000000,BG 3,"48816","48816",Montebello,Montebello,City of Montebello,5500100.7598000001,14318.2521270000,,,"-2147483648","60375302023","Block Group 3, Census Tract 5302.02, Los Angeles County, California","1116","323","793",,State Rte 60,1.2698012693,28.0000000000,1161.2890000000
-13154487.6247424,4037794.28520144,"1199","060372017001","2017001","201700",0.3808000000,BG 1,"44000","44000",Los Angeles,Los Angeles,LA City - El Sereno,10616013.9539999999,16413.7662530000,,,"-2147483648","60372017001",408.0440000000,"Block Group 1, Census Tract 2017, Los Angeles County, California","811","220","591",,"1199","2017001","201700",0.3808000000,BG 1,"44000","44000",Los Angeles,Los Angeles,LA City - El Sereno,10616013.9539999999,16413.7662530000,,,"-2147483648","60372017001","Block Group 1, Census Tract 2017, Los Angeles County, California","811","220","591",,I- 10,0.5031370480,26.0000000000,817.3350000000
-13156090.4035396,4031790.0234035,"2250","060375313013","5313013","531301",0.0500000000,BG 3,"20802","99037",East Los Angeles,Unincorporated,LA County - East Los Angeles,1393812.4687999999,4729.8756134000,,,"-2147483648","60375313013",297.9300000000,"Block Group 3, Census Tract 5313.01, Los Angeles County, California","1363","532","831",,"2250","5313013","531301",0.0500000000,BG 3,"20802","99037",East Los Angeles,Unincorporated,LA County - East Los Angeles,1393812.4687999999,4729.8756134000,,,"-2147483648","60375313013","Block Group 3, Census Tract 5313.01, Los Angeles County, California","1363","532","831",,I- 5,0.2185839319,6.0000000000,1325.6110000000
-13156477.1722988,4031780.28904885,"2251","060375313014","5313014","531301",0.0457000000,BG 4,"20802","99037",East Los Angeles,Unincorporated,LA County - East Los Angeles,1273966.6465000000,4531.6136977000,,,"-2147483648","60375313014",255.1910000000,"Block Group 4, Census Tract 5313.01, Los Angeles County, California","1168","449","719",,"2251","5313014","531301",0.0457000000,BG 4,"20802","99037",East Los Angeles,Unincorporated,LA County - East Los Angeles,1273966.6465000000,4531.6136977000,,,"-2147483648","60375313014","Block Group 4, Census Tract 5313.01, Los Angeles County, California","1168","449","719",,I- 5,0.2184855181,12.0000000000,1185.9410000000
-13156368.1330837,4031425.00400579,"2252","060375313022","5313022","531302",0.0702000000,BG 2,"20802","99037",East Los Angeles,Unincorporated,LA County - East Los Angeles,1958028.9639000001,9955.2432046000,,,"-2147483648","60375313022",37.4050000000,"Block Group 2, Census Tract 5313.02, Los Angeles County, California","647","235","412",,"2252","5313022","531302",0.0702000000,BG 2,"20802","99037",East Los Angeles,Unincorporated,LA County - East Los Angeles,1958028.9639000001,9955.2432046000,,,"-2147483648","60375313022","Block Group 2, Census Tract 5313.02, Los Angeles County, California","647","235","412",,I- 5,0.0578129904,21.0000000000,668.2280000000
-13156781.1315279,4032770.79447783,"2497","060375312012","5312012","531201",0.0943000000,BG 2,"20802","99037",East Los Angeles,Unincorporated,LA County - East Los Angeles,2630105.2705000001,8046.2283958000,,,"-2147483648","60375312012",544.8510000000,"Block Group 2, Census Tract 5312.01, Los Angeles County, California","2258","827","1431",,"2497","5312012","531201",0.0943000000,BG 2,"20802","99037",East Los Angeles,Unincorporated,LA County - East Los Angeles,2630105.2705000001,8046.2283958000,,,"-2147483648","60375312012","Block Group 2, Census Tract 5312.01, Los Angeles County, California","2258","827","1431",,Pomona Fwy,0.2412982409,20.0000000000,2324.8840000000
-13156813.2522891,4032252.55465132,"2498","060375312021","5312021","531202",0.0702000000,BG 1,"20802","99037",East Los Angeles,Unincorporated,LA County - East Los Angeles,1955800.1787000000,6122.8283745000,,,"-2147483648","60375312021",1041.1550000000,"Block Group 1, Census Tract 5312.02, Los Angeles County, California","1742","636","1106",,"2498","5312021","531202",0.0702000000,BG 1,"20802","99037",East Los Angeles,Unincorporated,LA County - East Los Angeles,1955800.1787000000,6122.8283745000,,,"-2147483648","60375312021","Block Group 1, Census Tract 5312.02, Los Angeles County, California","1742","636","1106",,I- 5,0.5976778305,15.0000000000,1775.8610000000
-13155251.8725135,4032776.24344351,"2501","060375315031","5315031","531503",0.3684000000,BG 1,"20802","99037",East Los Angeles,Unincorporated,LA County - East Los Angeles,10269992.6870000008,14014.5733860000,,,"-2147483648","60375315031",491.0220000000,"Block Group 1, Census Tract 5315.03, Los Angeles County, California","1598","538","1060",,"2501","5315031","531503",0.3684000000,BG 1,"20802","99037",East Los Angeles,Unincorporated,LA County - East Los Angeles,10269992.6870000008,14014.5733860000,,,"-2147483648","60375315031","Block Group 1, Census Tract 5315.03, Los Angeles County, California","1598","538","1060",,I- 710,0.3072727051,26.0000000000,1614.0560000000
-13154704.9751273,4032642.71837335,"2502","060375315032","5315032","531503",0.0806000000,BG 2,"20802","99037",East Los Angeles,Unincorporated,LA County - East Los Angeles,2247561.7919999999,8246.4955185000,,,"-2147483648","60375315032",132.3760000000,"Block Group 2, Census Tract 5315.03, Los Angeles County, California","1217","454","763",,"2502","5315032","531503",0.0806000000,BG 2,"20802","99037",East Los Angeles,Unincorporated,LA County - East Los Angeles,2247561.7919999999,8246.4955185000,,,"-2147483648","60375315032","Block Group 2, Census Tract 5315.03, Los Angeles County, California","1217","454","763",,Long Beach Fwy,0.1087721643,20.0000000000,1254.3320000000
-13154268.3999218,4032885.87876071,"2503","060375315041","5315041","531504",0.1137000000,BG 1,"20802","99037",East Los Angeles,Unincorporated,LA County - East Los Angeles,3170971.7450999999,7425.3607388000,,,"-2147483648","60375315041",829.0560000000,"Block Group 1, Census Tract 5315.04, Los Angeles County, California","2123","692","1431",,"2503","5315041","531504",0.1137000000,BG 1,"20802","99037",East Los Angeles,Unincorporated,LA County - East Los Angeles,3170971.7450999999,7425.3607388000,,,"-2147483648","60375315041","Block Group 1, Census Tract 5315.04, Los Angeles County, California","2123","692","1431",,Long Beach Fwy,0.3905115274,12.0000000000,2100.8120000000
-13154429.7383758,4032176.70801471,"2504","060375315042","5315042","531504",0.0804000000,BG 2,"20802","99037",East Los Angeles,Unincorporated,LA County - East Los Angeles,2240980.9424000001,6009.8333719000,,,"-2147483648","60375315042",664.5170000000,"Block Group 2, Census Tract 5315.04, Los Angeles County, California","1818","639","1179",,"2504","5315042","531504",0.0804000000,BG 2,"20802","99037",East Los Angeles,Unincorporated,LA County - East Los Angeles,2240980.9424000001,6009.8333719000,,,"-2147483648","60375315042","Block Group 2, Census Tract 5315.04, Los Angeles County, California","1818","639","1179",,Long Beach Fwy,0.3655207232,12.0000000000,1825.0670000000
-13151357.5875744,4030830.02199788,"2506","060375319012","5319012","531901",0.0685000000,BG 2,"20802","99037",East Los Angeles,Unincorporated,LA County - East Los Angeles,1909253.3603999999,6474.8463984000,,,"-2147483648","60375319012",2240.9680000000,"Block Group 2, Census Tract 5319.01, Los Angeles County, California","1381","460","921",,"2506","5319012","531901",0.0685000000,BG 2,"20802","99037",East Los Angeles,Unincorporated,LA County - East Los Angeles,1909253.3603999999,6474.8463984000,,,"-2147483648","60375319012","Block Group 2, Census Tract 5319.01, Los Angeles County, California","1381","460","921",,Santa Ana Fwy,1.6227139585,14.0000000000,1403.7900000000
-13151443.7161218,4030478.52420137,"2507","060375319013","5319013","531901",0.0984000000,BG 3,"20802","99037",East Los Angeles,Unincorporated,LA County - East Los Angeles,2742259.3193000001,7898.5469250000,,,"-2147483648","60375319013",2455.1210000000,"Block Group 3, Census Tract 5319.01, Los Angeles County, California","1767","570","1197",,"2507","5319013","531901",0.0984000000,BG 3,"20802","99037",East Los Angeles,Unincorporated,LA County - East Los Angeles,2742259.3193000001,7898.5469250000,,,"-2147483648","60375319013","Block Group 3, Census Tract 5319.01, Los Angeles County, California","1767","570","1197",,Santa Ana Fwy,1.3894289591,28.0000000000,1767.0000000000
-13154881.5104318,4031674.73922409,"2606","060375315022","5315022","531502",0.0603000000,BG 2,"20802","99037",East Los Angeles,Unincorporated,LA County - East Los Angeles,1681632.9990000001,5417.1015903000,,,"-2147483648","60375315022",62.5700000000,"Block Group 2, Census Tract 5315.02, Los Angeles County, California","622","227","395",,"2606","5315022","531502",0.0603000000,BG 2,"20802","99037",East Los Angeles,Unincorporated,LA County - East Los Angeles,1681632.9990000001,5417.1015903000,,,"-2147483648","60375315022","Block Group 2, Census Tract 5315.02, Los Angeles County, California","622","227","395",,Long Beach Fwy,0.1005954060,12.0000000000,628.9290000000
-13156483.8636719,4035317.08946272,"3164","060375308014","5308014","530801",0.0718000000,BG 4,"20802","99037",East Los Angeles,Unincorporated,LA County - East Los Angeles,2002157.1680000001,6331.0134559000,,,"-2147483648","60375308014",1051.9670000000,"Block Group 4, Census Tract 5308.01, Los Angeles County, California","1455","551","904",,"3164","5308014","530801",0.0718000000,BG 4,"20802","99037",East Los Angeles,Unincorporated,LA County - East Los Angeles,2002157.1680000001,6331.0134559000,,,"-2147483648","60375308014","Block Group 4, Census Tract 5308.01, Los Angeles County, California","1455","551","904",,San Bernardino Fwy,0.7230014412,18.0000000000,1494.4300000000
-13156181.7010584,4036756.47052752,"3165","060375307001","5307001","530700",0.4081000000,BG 1,"20802","99037",East Los Angeles,Unincorporated,LA County - East Los Angeles,11377320.5629999992,17884.9263050000,,,"-2147483648","60375307001",380.4970000000,"Block Group 1, Census Tract 5307, Los Angeles County, California","1975","655","1320",,"3165","5307001","530700",0.4081000000,BG 1,"20802","99037",East Los Angeles,Unincorporated,LA County - East Los Angeles,11377320.5629999992,17884.9263050000,,,"-2147483648","60375307001","Block Group 1, Census Tract 5307, Los Angeles County, California","1975","655","1320",,San Bernardino Fwy,0.1926568043,16.0000000000,1786.6720000000
-13155759.1925655,4034701.76326806,"3166","060375309022","5309022","530902",0.1213000000,BG 2,"20802","99037",East Los Angeles,Unincorporated,LA County - East Los Angeles,3380264.4101999998,11520.2076900000,,,"-2147483648","60375309022",2079.7710000000,"Block Group 2, Census Tract 5309.02, Los Angeles County, California","1849","593","1256",,"3166","5309022","530902",0.1213000000,BG 2,"20802","99037",East Los Angeles,Unincorporated,LA County - East Los Angeles,3380264.4101999998,11520.2076900000,,,"-2147483648","60375309022","Block Group 2, Census Tract 5309.02, Los Angeles County, California","1849","593","1256",,I- 10,1.1248087256,26.0000000000,1923.7300000000
-13154392.1752214,4034135.99606742,"3167","060375305004","5305004","530500",0.1241000000,BG 4,"20802","99037",East Los Angeles,Unincorporated,LA County - East Los Angeles,3460322.3955000001,11030.2169560000,,,"-2147483648","60375305004",232.3030000000,"Block Group 4, Census Tract 5305, Los Angeles County, California","997","326","671",,"3167","5305004","530500",0.1241000000,BG 4,"20802","99037",East Los Angeles,Unincorporated,LA County - East Los Angeles,3460322.3955000001,11030.2169560000,,,"-2147483648","60375305004","Block Group 4, Census Tract 5305, Los Angeles County, California","997","326","671",,I- 710,0.2330020566,32.0000000000,997.0000000000
-13153997.1039761,4033902.05329409,"3170","060375305002","5305002","530500",0.0661000000,BG 2,"20802","99037",East Los Angeles,Unincorporated,LA County - East Los Angeles,1842758.8319999999,7830.0956331000,,,"-2147483648","60375305002",131.1270000000,"Block Group 2, Census Tract 5305, Los Angeles County, California","710","210","500",,"3170","5305002","530500",0.0661000000,BG 2,"20802","99037",East Los Angeles,Unincorporated,LA County - East Los Angeles,1842758.8319999999,7830.0956331000,,,"-2147483648","60375305002","Block Group 2, Census Tract 5305, Los Angeles County, California","710","210","500",,State Rte 60,0.1846857995,12.0000000000,716.5260000000
-13152602.1344159,4032347.80609795,"3171","060375303023","5303023","530302",0.0534000000,BG 3,"20802","99037",East Los Angeles,Unincorporated,LA County - East Los Angeles,1487539.8075999999,5127.2514376000,,,"-2147483648","60375303023",1150.0830000000,"Block Group 3, Census Tract 5303.02, Los Angeles County, California","1256","388","868",,"3171","5303023","530302",0.0534000000,BG 3,"20802","99037",East Los Angeles,Unincorporated,LA County - East Los Angeles,1487539.8075999999,5127.2514376000,,,"-2147483648","60375303023","Block Group 3, Census Tract 5303.02, Los Angeles County, California","1256","388","868",,Pomona Fwy,0.9156713940,8.0000000000,1244.7230000000
-13153172.6476465,4032618.48595121,"3172","060375303012","5303012","530301",0.1022000000,BG 2,"20802","99037",East Los Angeles,Unincorporated,LA County - East Los Angeles,2849839.1123000002,7215.8739408000,,,"-2147483648","60375303012",905.5080000000,"Block Group 2, Census Tract 5303.01, Los Angeles County, California","1050","298","752",,"3172","5303012","530301",0.1022000000,BG 2,"20802","99037",East Los Angeles,Unincorporated,LA County - East Los Angeles,2849839.1123000002,7215.8739408000,,,"-2147483648","60375303012","Block Group 2, Census Tract 5303.01, Los Angeles County, California","1050","298","752",,State Rte 60,0.8623883294,12.0000000000,1044.4930000000
-13154009.0445868,4034498.53631292,"3721","060375305001","5305001","530500",0.0738000000,BG 1,"20802","99037",East Los Angeles,Unincorporated,LA County - East Los Angeles,2057162.2715000000,5749.6436271000,,,"-2147483648","60375305001",693.0850000000,"Block Group 1, Census Tract 5305, Los Angeles County, California","1368","447","921",,"3721","5305001","530500",0.0738000000,BG 1,"20802","99037",East Los Angeles,Unincorporated,LA County - East Los Angeles,2057162.2715000000,5749.6436271000,,,"-2147483648","60375305001","Block Group 1, Census Tract 5305, Los Angeles County, California","1368","447","921",,Long Beach Fwy,0.5066409277,10.0000000000,1359.9500000000
-13152814.5525489,4032876.05886213,"3865","060375303011","5303011","530301",0.1234000000,BG 1,"20802","99037",East Los Angeles,Unincorporated,LA County - East Los Angeles,3438980.4882999999,10726.6792500000,,,"-2147483648","60375303011",662.1110000000,"Block Group 1, Census Tract 5303.01, Los Angeles County, California","833","264","569",,"3865","5303011","530301",0.1234000000,BG 1,"20802","99037",East Los Angeles,Unincorporated,LA County - East Los Angeles,3438980.4882999999,10726.6792500000,,,"-2147483648","60375303011","Block Group 1, Census Tract 5303.01, Los Angeles County, California","833","264","569",,State Rte 60,0.7948507062,26.0000000000,866.6190000000
-13152284.9562535,4032839.19749224,"3866","060375303024","5303024","530302",0.0901000000,BG 4,"20802","99037",East Los Angeles,Unincorporated,LA County - East Los Angeles,2512319.7754000002,7121.7974237000,,,"-2147483648","60375303024",576.9880000000,"Block Group 4, Census Tract 5303.02, Los Angeles County, California","1176","312","864",,"3866","5303024","530302",0.0901000000,BG 4,"20802","99037",East Los Angeles,Unincorporated,LA County - East Los Angeles,2512319.7754000002,7121.7974237000,,,"-2147483648","60375303024","Block Group 4, Census Tract 5303.02, Los Angeles County, California","1176","312","864",,Pomona Fwy,0.4906357549,42.0000000000,1176.0000000000
-13150365.5290898,4030676.81376649,"3871","060375319021","5319021","531902",0.0830000000,BG 1,"20802","99037",East Los Angeles,Unincorporated,LA County - East Los Angeles,2315111.6348000001,8273.0770288000,,,"-2147483648","60375319021",747.4570000000,"Block Group 1, Census Tract 5319.02, Los Angeles County, California","836","228","608",,"3871","5319021","531902",0.0830000000,BG 1,"20802","99037",East Los Angeles,Unincorporated,LA County - East Los Angeles,2315111.6348000001,8273.0770288000,,,"-2147483648","60375319021","Block Group 1, Census Tract 5319.02, Los Angeles County, California","836","228","608",,W Whittier Blvd,0.8940877174,23.0000000000,866.0440000000
-13150659.1358768,4031076.36916559,"3873","060375318003","5318003","531800",0.0792000000,BG 3,"20802","99037",East Los Angeles,Unincorporated,LA County - East Los Angeles,2209187.5361000001,7001.3733893000,,,"-2147483648","60375318003",1086.0330000000,"Block Group 3, Census Tract 5318, Los Angeles County, California","929","328","601",,"3873","5318003","531800",0.0792000000,BG 3,"20802","99037",East Los Angeles,Unincorporated,LA County - East Los Angeles,2209187.5361000001,7001.3733893000,,,"-2147483648","60375318003","Block Group 3, Census Tract 5318, Los Angeles County, California","929","328","601",,W Whittier Blvd,1.1690341018,17.0000000000,951.0800000000
-13153464.4640589,4031134.42650455,"3874","060375317024","5317024","531702",0.0707000000,BG 4,"20802","99037",East Los Angeles,Unincorporated,LA County - East Los Angeles,1969814.3857000000,6673.3779965000,,,"-2147483648","60375317024",761.7150000000,"Block Group 4, Census Tract 5317.02, Los Angeles County, California","1162","398","764",,"3874","5317024","531702",0.0707000000,BG 4,"20802","99037",East Los Angeles,Unincorporated,LA County - East Los Angeles,1969814.3857000000,6673.3779965000,,,"-2147483648","60375317024","Block Group 4, Census Tract 5317.02, Los Angeles County, California","1162","398","764",,I- 5,0.6555209819,26.0000000000,1162.0000000000
-13153818.9922064,4031854.3427613,"4047","060375316042","5316042","531604",0.0709000000,BG 2,"20802","99037",East Los Angeles,Unincorporated,LA County - East Los Angeles,1976468.5175999999,6395.4618819000,,,"-2147483648","60375316042",1387.5150000000,"Block Group 2, Census Tract 5316.04, Los Angeles County, California","1335","456","879",,"4047","5316042","531604",0.0709000000,BG 2,"20802","99037",East Los Angeles,Unincorporated,LA County - East Los Angeles,1976468.5175999999,6395.4618819000,,,"-2147483648","60375316042","Block Group 2, Census Tract 5316.04, Los Angeles County, California","1335","456","879",,Santa Ana Fwy,1.0393367627,22.0000000000,1335.0000000000
-13151695.3585277,4031529.67487899,"4049","060375318001","5318001","531800",0.0673000000,BG 1,"20802","99037",East Los Angeles,Unincorporated,LA County - East Los Angeles,1877260.0009999999,7387.1537208000,,,"-2147483648","60375318001",2369.8710000000,"Block Group 1, Census Tract 5318, Los Angeles County, California","1707","618","1089",,"4049","5318001","531800",0.0673000000,BG 1,"20802","99037",East Los Angeles,Unincorporated,LA County - East Los Angeles,1877260.0009999999,7387.1537208000,,,"-2147483648","60375318001","Block Group 1, Census Tract 5318, Los Angeles County, California","1707","618","1089",,Pomona Fwy,1.3883250767,24.0000000000,1707.0000000000
-13152669.0493529,4031562.97577703,"4050","060375317012","5317012","531701",0.1216000000,BG 2,"20802","99037",East Los Angeles,Unincorporated,LA County - East Los Angeles,3388722.9180000001,9824.4205693000,,,"-2147483648","60375317012",2974.1200000000,"Block Group 2, Census Tract 5317.01, Los Angeles County, California","2281","807","1474",,"4050","5317012","531701",0.1216000000,BG 2,"20802","99037",East Los Angeles,Unincorporated,LA County - East Los Angeles,3388722.9180000001,9824.4205693000,,,"-2147483648","60375317012","Block Group 2, Census Tract 5317.01, Los Angeles County, California","2281","807","1474",,I- 5,1.3038667907,34.0000000000,2281.0000000000
-13153734.2430918,4032153.77322294,"4051","060375316041","5316041","531604",0.0707000000,BG 1,"20802","99037",East Los Angeles,Unincorporated,LA County - East Los Angeles,1971288.0068000001,6358.8020611000,,,"-2147483648","60375316041",1734.5670000000,"Block Group 1, Census Tract 5316.04, Los Angeles County, California","1847","594","1253",,"4051","5316041","531604",0.0707000000,BG 1,"20802","99037",East Los Angeles,Unincorporated,LA County - East Los Angeles,1971288.0068000001,6358.8020611000,,,"-2147483648","60375316041","Block Group 1, Census Tract 5316.04, Los Angeles County, California","1847","594","1253",,Long Beach Fwy,0.9391269371,10.0000000000,1839.1940000000
-13152594.4376233,4031864.10777966,"4052","060375317011","5317011","531701",0.1244000000,BG 1,"20802","99037",East Los Angeles,Unincorporated,LA County - East Los Angeles,3469165.3125000000,9838.6801794000,,,"-2147483648","60375317011",3615.9450000000,"Block Group 1, Census Tract 5317.01, Los Angeles County, California","2826","973","1853",,"4052","5317011","531701",0.1244000000,BG 1,"20802","99037",East Los Angeles,Unincorporated,LA County - East Los Angeles,3469165.3125000000,9838.6801794000,,,"-2147483648","60375317011","Block Group 1, Census Tract 5317.01, Los Angeles County, California","2826","973","1853",,Pomona Fwy,1.2795276238,32.0000000000,2826.0000000000
-13153700.3155604,4032614.93094997,"4053","060375316032","5316032","531603",0.0972000000,BG 2,"20802","99037",East Los Angeles,Unincorporated,LA County - East Los Angeles,2709314.0644999999,6910.6346641000,,,"-2147483648","60375316032",2083.6900000000,"Block Group 2, Census Tract 5316.03, Los Angeles County, California","2357","825","1532",,"4053","5316032","531603",0.0972000000,BG 2,"20802","99037",East Los Angeles,Unincorporated,LA County - East Los Angeles,2709314.0644999999,6910.6346641000,,,"-2147483648","60375316032","Block Group 2, Census Tract 5316.03, Los Angeles County, California","2357","825","1532",,State Rte 60,0.8840432602,18.0000000000,2413.4320000000
-13153654.0542616,4033067.60262599,"4054","060375316031","5316031","531603",0.0704000000,BG 1,"20802","99037",East Los Angeles,Unincorporated,LA County - East Los Angeles,1962818.1991999999,7044.0745243000,,,"-2147483648","60375316031",492.9430000000,"Block Group 1, Census Tract 5316.03, Los Angeles County, California","845","280","565",,"4054","5316031","531603",0.0704000000,BG 1,"20802","99037",East Los Angeles,Unincorporated,LA County - East Los Angeles,1962818.1991999999,7044.0745243000,,,"-2147483648","60375316031","Block Group 1, Census Tract 5316.03, Los Angeles County, California","845","280","565",,State Rte 60,0.5833642550,12.0000000000,851.4780000000
-13151290.5908815,4031360.08299703,"4055","060375318002","5318002","531800",0.0920000000,BG 2,"20802","99037",East Los Angeles,Unincorporated,LA County - East Los Angeles,2564366.5342000001,6306.4153477000,,,"-2147483648","60375318002",2912.0490000000,"Block Group 2, Census Tract 5318, Los Angeles County, California","1893","655","1238",,"4055","5318002","531800",0.0920000000,BG 2,"20802","99037",East Los Angeles,Unincorporated,LA County - East Los Angeles,2564366.5342000001,6306.4153477000,,,"-2147483648","60375318002","Block Group 2, Census Tract 5318, Los Angeles County, California","1893","655","1238",,State Rte 60,1.5383247937,16.0000000000,1927.6960000000
-13154557.4734377,4031462.6761171,"4057","060375315024","5315024","531502",0.0301000000,BG 4,"20802","99037",East Los Angeles,Unincorporated,LA County - East Los Angeles,838555.7548800000,3684.8630735000,,,"-2147483648","60375315024",294.1150000000,"Block Group 4, Census Tract 5315.02, Los Angeles County, California","820","342","478",,"4057","5315024","531502",0.0301000000,BG 4,"20802","99037",East Los Angeles,Unincorporated,LA County - East Los Angeles,838555.7548800000,3684.8630735000,,,"-2147483648","60375315024","Block Group 4, Census Tract 5315.02, Los Angeles County, California","820","342","478",,I- 710,0.3586771203,16.0000000000,820.0000000000
-13153737.59654,4031340.78082643,"4058","060375316021","5316021","531602",0.0507000000,BG 1,"20802","99037",East Los Angeles,Unincorporated,LA County - East Los Angeles,1412167.6650000000,5382.0742165000,,,"-2147483648","60375316021",850.5630000000,"Block Group 1, Census Tract 5316.02, Los Angeles County, California","1199","392","807",,"4058","5316021","531602",0.0507000000,BG 1,"20802","99037",East Los Angeles,Unincorporated,LA County - East Los Angeles,1412167.6650000000,5382.0742165000,,,"-2147483648","60375316021","Block Group 1, Census Tract 5316.02, Los Angeles County, California","1199","392","807",,I- 5,0.7093938464,14.0000000000,1223.0730000000
-13156152.2074724,4031134.65077472,"4059","060375313025","5313025","531302",0.0592000000,BG 5,"20802","99037",East Los Angeles,Unincorporated,LA County - East Los Angeles,1650535.2256000000,5194.8560743000,,,"-2147483648","60375313025",268.0720000000,"Block Group 5, Census Tract 5313.02, Los Angeles County, California","891","331","560",,"4059","5313025","531302",0.0592000000,BG 5,"20802","99037",East Los Angeles,Unincorporated,LA County - East Los Angeles,1650535.2256000000,5194.8560743000,,,"-2147483648","60375313025","Block Group 5, Census Tract 5313.02, Los Angeles County, California","891","331","560",,Santa Ana Fwy,0.3008666828,10.0000000000,892.4500000000
-13156749.4973611,4031173.274156,"4061","060375313024","5313024","531302",0.0585000000,BG 4,"20802","99037",East Los Angeles,Unincorporated,LA County - East Los Angeles,1630799.6825999999,5881.7503471000,,,"-2147483648","60375313024",456.6880000000,"Block Group 4, Census Tract 5313.02, Los Angeles County, California","1444","547","897",,"4061","5313024","531302",0.0585000000,BG 4,"20802","99037",East Los Angeles,Unincorporated,LA County - East Los Angeles,1630799.6825999999,5881.7503471000,,,"-2147483648","60375313024","Block Group 4, Census Tract 5313.02, Los Angeles County, California","1444","547","897",,I- 5,0.3162662197,12.0000000000,1460.9190000000
-13156741.6550542,4031730.14754127,"4062","060375313012","5313012","531301",0.0696000000,BG 2,"20802","99037",East Los Angeles,Unincorporated,LA County - East Los Angeles,1939005.4062999999,10414.5633070000,,,"-2147483648","60375313012",203.3570000000,"Block Group 2, Census Tract 5313.01, Los Angeles County, California","1027","377","650",,"4062","5313012","531301",0.0696000000,BG 2,"20802","99037",East Los Angeles,Unincorporated,LA County - East Los Angeles,1939005.4062999999,10414.5633070000,,,"-2147483648","60375313012","Block Group 2, Census Tract 5313.01, Los Angeles County, California","1027","377","650",,I- 5,0.1980111701,16.0000000000,1050.0610000000
-13156115.0840432,4032263.90215829,"4063","060375312022","5312022","531202",0.1026000000,BG 2,"20802","99037",East Los Angeles,Unincorporated,LA County - East Los Angeles,2859660.2470999998,7614.9847722000,,,"-2147483648","60375312022",1586.5950000000,"Block Group 2, Census Tract 5312.02, Los Angeles County, California","2499","884","1615",,"4063","5312022","531202",0.1026000000,BG 2,"20802","99037",East Los Angeles,Unincorporated,LA County - East Los Angeles,2859660.2470999998,7614.9847722000,,,"-2147483648","60375312022","Block Group 2, Census Tract 5312.02, Los Angeles County, California","2499","884","1615",,Pomona Fwy,0.6348918516,14.0000000000,2515.9740000000
-13155719.2228392,4036092.50389032,"4213","060375308022","5308022","530802",0.0974000000,BG 2,"20802","99037",East Los Angeles,Unincorporated,LA County - East Los Angeles,2714736.5214999998,11758.0485430000,,,"-2147483648","60375308022",526.3460000000,"Block Group 2, Census Tract 5308.02, Los Angeles County, California","1383","421","962",,"4213","5308022","530802",0.0974000000,BG 2,"20802","99037",East Los Angeles,Unincorporated,LA County - East Los Angeles,2714736.5214999998,11758.0485430000,,,"-2147483648","60375308022","Block Group 2, Census Tract 5308.02, Los Angeles County, California","1383","421","962",,I- 10,0.3805825858,34.0000000000,1383.0000000000
-13156125.6386776,4032816.27136412,"4245","060375312011","5312011","531201",0.1200000000,BG 1,"20802","99037",East Los Angeles,Unincorporated,LA County - East Los Angeles,3344827.1963000000,10327.5775740000,,,"-2147483648","60375312011",446.5650000000,"Block Group 1, Census Tract 5312.01, Los Angeles County, California","2478","867","1611",,"4245","5312011","531201",0.1200000000,BG 1,"20802","99037",East Los Angeles,Unincorporated,LA County - East Los Angeles,3344827.1963000000,10327.5775740000,,,"-2147483648","60375312011","Block Group 1, Census Tract 5312.01, Los Angeles County, California","2478","867","1611",,State Rte 60,0.1802119962,12.0000000000,2444.8010000000
-13155884.5815646,4033955.21897396,"4246","060375311021","5311021","531102",0.1192000000,BG 1,"20802","99037",East Los Angeles,Unincorporated,LA County - East Los Angeles,3322624.3779000002,7436.1190889000,,,"-2147483648","60375311021",1077.4590000000,"Block Group 1, Census Tract 5311.02, Los Angeles County, California","2258","871","1387",,"4246","5311021","531102",0.1192000000,BG 1,"20802","99037",East Los Angeles,Unincorporated,LA County - East Los Angeles,3322624.3779000002,7436.1190889000,,,"-2147483648","60375311021","Block Group 1, Census Tract 5311.02, Los Angeles County, California","2258","871","1387",,Pomona Fwy,0.4771741065,10.0000000000,2183.7420000000
-13156687.1578982,4033779.41244598,"4247","060375311012","5311012","531101",0.0643000000,BG 2,"20802","99037",East Los Angeles,Unincorporated,LA County - East Los Angeles,1793014.1768000000,6243.1208355000,,,"-2147483648","60375311012",727.8840000000,"Block Group 2, Census Tract 5311.01, Los Angeles County, California","1252","426","826",,"4247","5311012","531101",0.0643000000,BG 2,"20802","99037",East Los Angeles,Unincorporated,LA County - East Los Angeles,1793014.1768000000,6243.1208355000,,,"-2147483648","60375311012","Block Group 2, Census Tract 5311.01, Los Angeles County, California","1252","426","826",,Pomona Fwy,0.5813773434,13.0000000000,1269.4430000000
-13155964.1062199,4033417.19200704,"4248","060375311022","5311022","531102",0.0733000000,BG 2,"20802","99037",East Los Angeles,Unincorporated,LA County - East Los Angeles,2042939.3086000001,6129.4603716000,,,"-2147483648","60375311022",87.8490000000,"Block Group 2, Census Tract 5311.02, Los Angeles County, California","861","299","562",,"4248","5311022","531102",0.0733000000,BG 2,"20802","99037",East Los Angeles,Unincorporated,LA County - East Los Angeles,2042939.3086000001,6129.4603716000,,,"-2147483648","60375311022","Block Group 2, Census Tract 5311.02, Los Angeles County, California","861","299","562",,State Rte 60,0.1020313701,4.0000000000,761.4980000000
-13156690.5493866,4034081.62208518,"4249","060375311013","5311013","531101",0.0744000000,BG 3,"20802","99037",East Los Angeles,Unincorporated,LA County - East Los Angeles,2074770.2822000000,6479.0064732000,,,"-2147483648","60375311013",1295.1740000000,"Block Group 3, Census Tract 5311.01, Los Angeles County, California","1558","534","1024",,"4249","5311013","531101",0.0744000000,BG 3,"20802","99037",East Los Angeles,Unincorporated,LA County - East Los Angeles,2074770.2822000000,6479.0064732000,,,"-2147483648","60375311013","Block Group 3, Census Tract 5311.01, Los Angeles County, California","1558","534","1024",,Pomona Fwy,0.8313056909,14.0000000000,1581.4450000000
-13156598.9118265,4033255.70467068,"4250","060375311014","5311014","531101",0.0774000000,BG 4,"20802","99037",East Los Angeles,Unincorporated,LA County - East Los Angeles,2157015.7500000000,8048.7740222000,,,"-2147483648","60375311014",181.0620000000,"Block Group 4, Census Tract 5311.01, Los Angeles County, California","906","327","579",,"4250","5311014","531101",0.0774000000,BG 4,"20802","99037",East Los Angeles,Unincorporated,LA County - East Los Angeles,2157015.7500000000,8048.7740222000,,,"-2147483648","60375311014","Block Group 4, Census Tract 5311.01, Los Angeles County, California","906","327","579",,Pomona Fwy,0.1998471726,26.0000000000,906.0000000000
-13156865.2869082,4034731.58931136,"4251","060375309012","5309012","530901",0.0628000000,BG 2,"20802","99037",East Los Angeles,Unincorporated,LA County - East Los Angeles,1750366.1162000000,5897.7278720000,,,"-2147483648","60375309012",1761.6360000000,"Block Group 2, Census Tract 5309.01, Los Angeles County, California","1446","560","886",,"4251","5309012","530901",0.0628000000,BG 2,"20802","99037",East Los Angeles,Unincorporated,LA County - East Los Angeles,1750366.1162000000,5897.7278720000,,,"-2147483648","60375309012","Block Group 2, Census Tract 5309.01, Los Angeles County, California","1446","560","886",,I- 10,1.2182819909,16.0000000000,1479.8360000000
-13155264.4557017,4034641.15175318,"4252","060375310001","5310001","531000",0.1000000000,BG 1,"20802","99037",East Los Angeles,Unincorporated,LA County - East Los Angeles,2787328.5205000001,7221.0156767000,,,"-2147483648","60375310001",907.9800000000,"Block Group 1, Census Tract 5310, Los Angeles County, California","1756","630","1126",,"4252","5310001","531000",0.1000000000,BG 1,"20802","99037",East Los Angeles,Unincorporated,LA County - East Los Angeles,2787328.5205000001,7221.0156767000,,,"-2147483648","60375310001","Block Group 1, Census Tract 5310, Los Angeles County, California","1756","630","1126",,Long Beach Fwy,0.5170726409,26.0000000000,1756.0000000000
-13154906.5405072,4034198.80979114,"4253","060375310003","5310003","531000",0.2224000000,BG 3,"20802","99037",East Los Angeles,Unincorporated,LA County - East Los Angeles,6201050.3778999997,15224.7939610000,,,"-2147483648","60375310003",709.0090000000,"Block Group 3, Census Tract 5310, Los Angeles County, California","2337","768","1569",,"4253","5310003","531000",0.2224000000,BG 3,"20802","99037",East Los Angeles,Unincorporated,LA County - East Los Angeles,6201050.3778999997,15224.7939610000,,,"-2147483648","60375310003","Block Group 3, Census Tract 5310, Los Angeles County, California","2337","768","1569",,Long Beach Fwy,0.3033841923,28.0000000000,2426.9040000000
-13155275.599268,4033980.4879559,"4254","060375310002","5310002","531000",0.0635000000,BG 2,"20802","99037",East Los Angeles,Unincorporated,LA County - East Los Angeles,1769713.1875000000,5783.9136332000,,,"-2147483648","60375310002",367.5840000000,"Block Group 2, Census Tract 5310, Los Angeles County, California","921","327","594",,"4254","5310002","531000",0.0635000000,BG 2,"20802","99037",East Los Angeles,Unincorporated,LA County - East Los Angeles,1769713.1875000000,5783.9136332000,,,"-2147483648","60375310002","Block Group 2, Census Tract 5310, Los Angeles County, California","921","327","594",,Pomona Fwy,0.3991141511,12.0000000000,930.2850000000
-13156449.9315571,4034723.50197926,"4255","060375309013","5309013","530901",0.0536000000,BG 3,"20802","99037",East Los Angeles,Unincorporated,LA County - East Los Angeles,1495307.7401999999,6459.7044263000,,,"-2147483648","60375309013",1505.8400000000,"Block Group 3, Census Tract 5309.01, Los Angeles County, California","1188","417","771",,"4255","5309013","530901",0.0536000000,BG 3,"20802","99037",East Los Angeles,Unincorporated,LA County - East Los Angeles,1495307.7401999999,6459.7044263000,,,"-2147483648","60375309013","Block Group 3, Census Tract 5309.01, Los Angeles County, California","1188","417","771",,I- 10,1.2675418576,10.0000000000,1193.0840000000
-13156744.3450553,4034376.09320778,"4256","060375309011","5309011","530901",0.0551000000,BG 1,"20802","99037",East Los Angeles,Unincorporated,LA County - East Los Angeles,1534981.8848000001,6524.8291249000,,,"-2147483648","60375309011",1165.9490000000,"Block Group 1, Census Tract 5309.01, Los Angeles County, California","1049","366","683",,"4256","5309011","530901",0.0551000000,BG 1,"20802","99037",East Los Angeles,Unincorporated,LA County - East Los Angeles,1534981.8848000001,6524.8291249000,,,"-2147483648","60375309011","Block Group 1, Census Tract 5309.01, Los Angeles County, California","1049","366","683",,Pomona Fwy,1.1114857614,12.0000000000,1062.3920000000
-13156902.2806935,4035178.6616048,"4257","060375308011","5308011","530801",0.0454000000,BG 1,"20802","99037",East Los Angeles,Unincorporated,LA County - East Los Angeles,1265931.3300999999,4739.0021529000,,,"-2147483648","60375308011",1085.7490000000,"Block Group 1, Census Tract 5308.01, Los Angeles County, California","1290","506","784",,"4257","5308011","530801",0.0454000000,BG 1,"20802","99037",East Los Angeles,Unincorporated,LA County - East Los Angeles,1265931.3300999999,4739.0021529000,,,"-2147483648","60375308011","Block Group 1, Census Tract 5308.01, Los Angeles County, California","1290","506","784",,I- 10,0.8416661511,4.0000000000,1212.3010000000
-13154100.5866375,4031503.33644851,"4507","060375316023","5316023","531602",0.0743000000,BG 3,"20802","99037",East Los Angeles,Unincorporated,LA County - East Los Angeles,2071858.4550999999,6374.9372208000,,,"-2147483648","60375316023",1176.0380000000,"Block Group 3, Census Tract 5316.02, Los Angeles County, California","1740","610","1130",,"4507","5316023","531602",0.0743000000,BG 3,"20802","99037",East Los Angeles,Unincorporated,LA County - East Los Angeles,2071858.4550999999,6374.9372208000,,,"-2147483648","60375316023","Block Group 3, Census Tract 5316.02, Los Angeles County, California","1740","610","1130",,Santa Ana Fwy,0.6758837167,14.0000000000,1766.2280000000
-13151907.2704756,4032752.98328444,"4913","060375303021","5303021","530302",0.0999000000,BG 1,"20802","99037",East Los Angeles,Unincorporated,LA County - East Los Angeles,2786086.6797000002,7701.2367651000,,,"-2147483648","60375303021",428.2780000000,"Block Group 1, Census Tract 5303.02, Los Angeles County, California","996","285","711",,"4913","5303021","530302",0.0999000000,BG 1,"20802","99037",East Los Angeles,Unincorporated,LA County - East Los Angeles,2786086.6797000002,7701.2367651000,,,"-2147483648","60375303021","Block Group 1, Census Tract 5303.02, Los Angeles County, California","996","285","711",,Pomona Fwy,0.4299983507,39.0000000000,996.0000000000
-13153440.4821418,4036083.1364085,"4915","060374820011","4820011","482001",0.8935000000,BG 1,"48914","48914",Monterey Park,Monterey Park,City of Monterey Park,24910347.8449999988,28769.6357070000,,,"-2147483648","60374820011",1100.2350000000,"Block Group 1, Census Tract 4820.01, Los Angeles County, California","1730","338","1392",,"4915","4820011","482001",0.8935000000,BG 1,"48914","48914",Monterey Park,Monterey Park,City of Monterey Park,24910347.8449999988,28769.6357070000,,,"-2147483648","60374820011","Block Group 1, Census Tract 4820.01, Los Angeles County, California","1730","338","1392",,Long Beach Fwy,0.6359737200,42.0000000000,1770.7840000000
-13157334.8210306,4033255.07325069,"4940","060372039002","2039002","203900",0.0581000000,BG 2,"44000","44000",Los Angeles,Los Angeles,LA City - Boyle Heights,1618473.2265999999,6496.4471088000,,,"-2147483648","60372039002",187.7890000000,"Block Group 2, Census Tract 2039, Los Angeles County, California","790","240","550",,"4940","2039002","203900",0.0581000000,BG 2,"44000","44000",Los Angeles,Los Angeles,LA City - Boyle Heights,1618473.2265999999,6496.4471088000,,,"-2147483648","60372039002","Block Group 2, Census Tract 2039, Los Angeles County, California","790","240","550",,Pomona Fwy,0.2377082164,9.0000000000,786.6060000000
-13153462.3043168,4034264.82853509,"5122","060375304001","5304001","530400",0.1326000000,BG 1,"20802","99037",East Los Angeles,Unincorporated,LA County - East Los Angeles,3696570.0077999998,8106.5377797000,,,"-2147483648","60375304001",632.7430000000,"Block Group 1, Census Tract 5304, Los Angeles County, California","1429","561","868",,"5122","5304001","530400",0.1326000000,BG 1,"20802","99037",East Los Angeles,Unincorporated,LA County - East Los Angeles,3696570.0077999998,8106.5377797000,,,"-2147483648","60375304001","Block Group 1, Census Tract 5304, Los Angeles County, California","1429","561","868",,Pomona Fwy,0.4427872772,16.0000000000,1440.6620000000
-13150479.9402439,4030358.5275465,"5333","060375319022","5319022","531902",0.1290000000,BG 2,"20802","99037",East Los Angeles,Unincorporated,LA County - East Los Angeles,3596647.3760000002,8904.5106624000,,,"-2147483648","60375319022",1759.5440000000,"Block Group 2, Census Tract 5319.02, Los Angeles County, California","1890","589","1301",,"5333","5319022","531902",0.1290000000,BG 2,"20802","99037",East Los Angeles,Unincorporated,LA County - East Los Angeles,3596647.3760000002,8904.5106624000,,,"-2147483648","60375319022","Block Group 2, Census Tract 5319.02, Los Angeles County, California","1890","589","1301",,W Whittier Blvd,0.9309755738,44.0000000000,1890.0000000000
-13149273.7514387,4030339.88544713,"5398","060375320011","5320011","532001",0.1137000000,BG 1,"48816","48816",Montebello,Montebello,City of Montebello,3170190.0858999998,8686.8031293000,,,"-2147483648","60375320011",313.6220000000,"Block Group 1, Census Tract 5320.01, Los Angeles County, California","1535","481","1054",,"5398","5320011","532001",0.1137000000,BG 1,"48816","48816",Montebello,Montebello,City of Montebello,3170190.0858999998,8686.8031293000,,,"-2147483648","60375320011","Block Group 1, Census Tract 5320.01, Los Angeles County, California","1535","481","1054",,W Whittier Blvd,0.2043136916,20.0000000000,1577.1340000000
-13153656.1320012,4036784.97108089,"5531","060374820012","4820012","482001",0.2449000000,BG 2,"48914","48914",Monterey Park,Monterey Park,City of Monterey Park,6828271.0732000005,14151.0113000000,,,"-2147483648","60374820012",244.9800000000,"Block Group 2, Census Tract 4820.01, Los Angeles County, California","686","112","574",,"5531","4820012","482001",0.2449000000,BG 2,"48914","48914",Monterey Park,Monterey Park,City of Monterey Park,6828271.0732000005,14151.0113000000,,,"-2147483648","60374820012","Block Group 2, Census Tract 4820.01, Los Angeles County, California","686","112","574",,I- 10,0.3571141258,38.0000000000,726.6600000000
-13152129.1349546,4034696.62488602,"5705","060374820022","4820022","482002",0.2012000000,BG 2,"48914","48914",Monterey Park,Monterey Park,City of Monterey Park,5609817.9052999998,17838.8248270000,,,"-2147483648","60374820022",1858.2960000000,"Block Group 2, Census Tract 4820.02, Los Angeles County, California","2309","594","1715",,"5705","4820022","482002",0.2012000000,BG 2,"48914","48914",Monterey Park,Monterey Park,City of Monterey Park,5609817.9052999998,17838.8248270000,,,"-2147483648","60374820022","Block Group 2, Census Tract 4820.02, Los Angeles County, California","2309","594","1715",,Pomona Fwy,0.8048057589,19.0000000000,2323.4160000000
-13152089.7099597,4032094.77461255,"5712","060375303022","5303022","530302",0.0870000000,BG 2,"20802","99037",East Los Angeles,Unincorporated,LA County - East Los Angeles,2426584.0293000001,7536.5269222000,,,"-2147483648","60375303022",2182.6560000000,"Block Group 2, Census Tract 5303.02, Los Angeles County, California","2380","813","1567",,"5712","5303022","530302",0.0870000000,BG 2,"20802","99037",East Los Angeles,Unincorporated,LA County - East Los Angeles,2426584.0293000001,7536.5269222000,,,"-2147483648","60375303022","Block Group 2, Census Tract 5303.02, Los Angeles County, California","2380","813","1567",,Pomona Fwy,0.9170825271,24.0000000000,2380.0000000000
-13154487.2846575,4031738.62892603,"5744","060375315023","5315023","531502",0.0230000000,BG 3,"20802","99037",East Los Angeles,Unincorporated,LA County - East Los Angeles,640707.2763700000,3254.9795872000,,,"-2147483648","60375315023",233.0470000000,"Block Group 3, Census Tract 5315.02, Los Angeles County, California","623","244","379",,"5744","5315023","531502",0.0230000000,BG 3,"20802","99037",East Los Angeles,Unincorporated,LA County - East Los Angeles,640707.2763700000,3254.9795872000,,,"-2147483648","60375315023","Block Group 3, Census Tract 5315.02, Los Angeles County, California","623","244","379",,Long Beach Fwy,0.3740719408,12.0000000000,634.6800000000
-13155311.5673604,4035671.31861046,"6298","060375306012","5306012","530601",0.1167000000,BG 2,"20802","99037",East Los Angeles,Unincorporated,LA County - East Los Angeles,3253271.7870999998,10395.9943930000,,,"-2147483648","60375306012",813.9180000000,"Block Group 2, Census Tract 5306.01, Los Angeles County, California","959","318","641",,"6298","5306012","530601",0.1167000000,BG 2,"20802","99037",East Los Angeles,Unincorporated,LA County - East Los Angeles,3253271.7870999998,10395.9943930000,,,"-2147483648","60375306012","Block Group 2, Census Tract 5306.01, Los Angeles County, California","959","318","641",,San Bernardino Fwy,0.8487149209,30.0000000000,959.0000000000
-13156963.7532568,4035657.5493204,"6299","060375308012","5308012","530801",0.0534000000,BG 2,"20802","99037",East Los Angeles,Unincorporated,LA County - East Los Angeles,1489606.3311000001,6323.7160079000,,,"-2147483648","60375308012",469.0720000000,"Block Group 2, Census Tract 5308.01, Los Angeles County, California","1131","411","720",,"6299","5308012","530801",0.0534000000,BG 2,"20802","99037",East Los Angeles,Unincorporated,LA County - East Los Angeles,1489606.3311000001,6323.7160079000,,,"-2147483648","60375308012","Block Group 2, Census Tract 5308.01, Los Angeles County, California","1131","411","720",,I- 10,0.4147407702,11.0000000000,1141.4340000000
-13156574.4488801,4035973.15356064,"6300","060375308013","5308013","530801",0.1263000000,BG 3,"20802","99037",East Los Angeles,Unincorporated,LA County - East Los Angeles,3520892.1943000001,12515.2469570000,,,"-2147483648","60375308013",372.8070000000,"Block Group 3, Census Tract 5308.01, Los Angeles County, California","1723","584","1139",,"6300","5308013","530801",0.1263000000,BG 3,"20802","99037",East Los Angeles,Unincorporated,LA County - East Los Angeles,3520892.1943000001,12515.2469570000,,,"-2147483648","60375308013","Block Group 3, Census Tract 5308.01, Los Angeles County, California","1723","584","1139",,I- 10,0.2163708074,28.0000000000,1798.3630000000
-13156018.7688231,4035610.90183857,"6315","060375308021","5308021","530802",0.1215000000,BG 1,"20802","99037",East Los Angeles,Unincorporated,LA County - East Los Angeles,3386986.9912000000,10093.6554600000,,,"-2147483648","60375308021",1122.3000000000,"Block Group 1, Census Tract 5308.02, Los Angeles County, California","1794","630","1164",,"6315","5308021","530802",0.1215000000,BG 1,"20802","99037",East Los Angeles,Unincorporated,LA County - East Los Angeles,3386986.9912000000,10093.6554600000,,,"-2147483648","60375308021","Block Group 1, Census Tract 5308.02, Los Angeles County, California","1794","630","1164",,I- 10,0.6255853335,14.0000000000,1794.6390000000
-13155990.9039356,4034902.02758367,"6316","060375309021","5309021","530902",0.0805000000,BG 1,"20802","99037",East Los Angeles,Unincorporated,LA County - East Los Angeles,2242915.7568000001,7470.0991478000,,,"-2147483648","60375309021",1878.0510000000,"Block Group 1, Census Tract 5309.02, Los Angeles County, California","1687","665","1022",,"6316","5309021","530902",0.0805000000,BG 1,"20802","99037",East Los Angeles,Unincorporated,LA County - East Los Angeles,2242915.7568000001,7470.0991478000,,,"-2147483648","60375309021","Block Group 1, Census Tract 5309.02, Los Angeles County, California","1687","665","1022",,I- 10,1.1132492313,16.0000000000,1721.7840000000
-13155177.8596087,4036476.26047779,"6317","060375306011","5306011","530601",0.1039000000,BG 1,"20802","99037",East Los Angeles,Unincorporated,LA County - East Los Angeles,2895711.5312999999,8899.0279514000,,,"-2147483648","60375306011",538.7410000000,"Block Group 1, Census Tract 5306.01, Los Angeles County, California","2071","700","1371",,"6317","5306011","530601",0.1039000000,BG 1,"20802","99037",East Los Angeles,Unincorporated,LA County - East Los Angeles,2895711.5312999999,8899.0279514000,,,"-2147483648","60375306011","Block Group 1, Census Tract 5306.01, Los Angeles County, California","2071","700","1371",,I- 10,0.2601358134,24.0000000000,2148.2320000000
-13154806.5750535,4035891.81647595,"6318","060375306021","5306021","530602",0.2562000000,BG 1,"20802","99037",East Los Angeles,Unincorporated,LA County - East Los Angeles,7142803.1260000002,14385.0871690000,,,"-2147483648","60375306021",950.6590000000,"Block Group 1, Census Tract 5306.02, Los Angeles County, California","1357","416","941",,"6318","5306021","530602",0.2562000000,BG 1,"20802","99037",East Los Angeles,Unincorporated,LA County - East Los Angeles,7142803.1260000002,14385.0871690000,,,"-2147483648","60375306021","Block Group 1, Census Tract 5306.02, Los Angeles County, California","1357","416","941",,I- 10,0.7005592684,32.0000000000,1420.0710000000
-13156799.3726157,4033465.71186469,"6319","060375311011","5311011","531101",0.0540000000,BG 1,"20802","99037",East Los Angeles,Unincorporated,LA County - East Los Angeles,1506792.9473000001,5554.0556092000,,,"-2147483648","60375311011",265.4480000000,"Block Group 1, Census Tract 5311.01, Los Angeles County, California","839","307","532",,"6319","5311011","531101",0.0540000000,BG 1,"20802","99037",East Los Angeles,Unincorporated,LA County - East Los Angeles,1506792.9473000001,5554.0556092000,,,"-2147483648","60375311011","Block Group 1, Census Tract 5311.01, Los Angeles County, California","839","307","532",,State Rte 60,0.3163864956,13.0000000000,852.8910000000
